QPd01OQqbOIiDoO1dbdo1IIbb60bqPdl,愛言葉,3,5,7,11,0,5,8,11,0,16
OboID1PloIIoOOObQdQOP110I61Ddl9I,蒼い衝動 ～for EXTREME～,2,4,6,9,0,4,6,11,0,8
918oPDQDoPlD1OlqlqQI08I6dD9iqoil,朝色の紙飛行機,2,5,9,13,0,5,10,13,0,15
16bl8D8lOddP9Obq0OIlOI6q8Pi1l9O0,天ノ弱,3,6,10,13,0,7,10,13,0,16
06O0ObdQobq86lPDo6P18dQ1QPdilIQO,妖隠し -あやかしかくし-,4,7,11,14,0,7,12,15,0,15
d0DDd1dP6llPbioqPdiQ0IDd918bDqI8,ありふれたせかいせいふく,3,7,10,14,0,7,10,14,0,16
8bQQ0lP96186D8Ibo8IoOd6o16qioiIo,アルストロメリア (walk with you remix),3,6,8,11,13,6,8,12,13,13
1d9lDIl6iiiD0D0d8qd6dlDlq6P8o0QI,阿波おどり -Awaodori- やっぱり踊りはやめられない,5,9,12,14,0,9,13,15,0,15
Oq900IIl1Ob8qoIPqDP0PD6blbqIqlP1,いーあるふぁんくらぶ,1,4,8,12,0,5,9,12,0,16
61oIP0QIlO90d18ObDP1Dii6PoIQoOD8,イーディーエム・ジャンパーズ,3,5,8,12,0,4,8,11,0,16
ibI0QllidqQ089ql8dob6bIoodbbIoqq,怒れる大きな白い馬,4,5,8,11,0,3,7,11,0,9
16IqQ680IioldO69QD61liQod0DQ8boQ,色は匂へど散りぬるを,3,5,8,11,0,6,8,11,0,16
bd8oD0iqDQ8Qobd1oIqi8981QbD6I6Iq,エイリアンエイリアン,2,5,9,12,0,5,9,12,0,16
80PdqQ0iiOQb9i91lIliodiO9PI8O609,エキサイティング！！も・ちゃ・ちゃ☆,4,8,11,13,0,8,11,13,0,16
oQolO9oOO01ll0I8969i8O1IQliloDqP,エンドルフィン,4,8,12,15,0,8,12,15,0,15
9I00D9Id61iD6QP8i8Dd6698PoQ9bdi9,お米の美味しい炊き方、そしてお米を食べることによるその効果。,4,8,12,16,0,8,12,16,0,14
ilD80b8QQl9Qo0PP0lQ00b8bO9Oqoobo,御千手メディテーション,4,8,12,15,0,8,12,15,0,15
i91q8l0bbi8qll000ob6qDiQP891iiql,乙女繚乱 舞い咲き誇れ,4,7,10,13,0,7,10,13,0,15
qdQoQli1d8DP0Obb919I6P1Odilib1Dd,おねがいダーリン,1,3,8,11,0,3,8,11,0,16
I96dOqqqQIi9oiqbqDPbQ8I8PQbqOb1o,朧,3,6,8,11,0,6,10,12,0,16
oPP1Pdl6Qdlb8oq10PP1doDibdbbl9bl,朧 (dj TAKA Remix),3,5,8,12,0,7,9,13,0,16
0Ib6qIb0iPOoQqqDIl90dP0PI0o9QlDd,女言葉の消失,3,6,9,13,0,6,9,12,0,15
l9lq19DdiD8qQPoPOlboi1qQii0IQI86,革命,3,5,9,12,11,4,8,11,11,7
l1lO999PqIboPQOD86PDQo1ol1iIiiOi,革命パッショネイト,3,6,10,13,0,5,9,13,0,17
qIqqdd1Odqi1Iiolq9qqPOi0bPPld8Pb,革命(X-Special),0,0,0,0,14,0,0,0,14,11
ql1Q8P100IIlbl0Pdi08I8qD900idqQq,カゲロウ,3,4,7,9,0,4,6,9,0,9
id1lodDbo0Iq9088Qd19d1OlDPP01D8o,からふるぱすてる,2,6,9,12,0,6,9,13,0,14
i89IO1PPOl0boOol0bQI19Q9liQ0l6O1,キケンな果実,2,6,9,13,0,6,9,13,0,14
QIDd80o0OqobODP00ldQ1D9dl81qQi0d,きゅん×きゅんばっきゅん☆LOVE,3,5,8,11,0,5,10,11,0,16
QoDQ0oq08QqiI0DQ8dIPb10qIi6d6i89,腐れ外道とチョコレゐト,3,8,12,15,0,8,12,16,0,17
8Q8OiP8QPbl8bqID1loQq896ldPQd99o,倉野川音頭,2,5,7,11,0,5,8,11,0,16
q6iD8idqo69qIPl00IQidoq1o1o1d1b9,クリムゾンゲイト,3,7,10,13,0,6,9,12,0,15
16oDDIlP8bIODQ6Ql0881d9Qqdb19b98,黒髪乱れし修羅となりて～凛 edition～,3,6,10,14,0,6,10,14,0,16
IbDoODD9qb66Iqd6DbOQiOoDll1DqiO9,君氏危うくも近うよれ,3,6,10,12,0,6,10,13,0,16
Pd1d96Q91oiboqb86DdddD68dbq81Pdo,激アツ☆マジヤバ☆チアガール,3,6,9,13,0,5,10,12,0,15
qiDOD0iidOli9l0qbP6IbOD19OQ8D8Po,月光蝶,4,4,7,10,0,3,7,11,0,9
QlID98Ddoi6O8lP8IQd6iid610011l60,幻想系世界修復少女,3,6,9,12,0,7,9,13,0,15
I1qd16dPdqPi96ql0lP10OQDbo11D89P,恋時雨,3,7,9,12,0,7,9,13,0,16
Q9Q088PPd0bPi9QQ8iil1lQqPdiQP69D,恋する☆宇宙戦争っ!!,4,7,12,14,17,8,13,15,17,16
i9il1DIDl91Db0OdllOddIqO600Pl89q,恋のパズルマジック,3,6,9,11,0,6,9,11,0,16
qilOP8l6bDPi98lqDbO6O1obOi068QOQ,恋はどう？モロ◎波動OK☆方程式！！,4,7,11,14,0,6,11,14,0,15
bo9l0Dl0PbqQQQ16Qq6bOOi68o0996Pq,紅焔,3,6,9,12,15,6,9,12,15,13
qbbPQoqqqiPd98d61P0qDd0iDId6OqoQ,この青空の下で,3,6,9,11,0,6,9,11,0,16
9idOOIdDO01D8PO06bOPPbOIOoiQ8O0P,この子の七つのお祝いに,3,7,10,14,0,7,10,14,0,9
911lId0IooIOq1oDPoQ0iQiDiOIbd6oo,桜,5,7,11,13,11,7,11,13,11,8
doIiQl6oDPP6i9qobqoobblPQqPiI9bD,サナ・モレッテ・ネ・エンテ,3,4,9,12,0,5,9,12,0,5
1P9bqO00bIQ0q8d1Q80l0Dq8oi6boqb0,さよならトリップ ～夏陽 EDM edition～,3,4,9,12,0,4,9,11,0,16
D11ldIqD8dQIi9oQQIIo86QOI8D9olP8,幸せになれる隠しコマンドがあるらしい,2,6,10,13,0,7,11,13,0,16
oQ8oqddQOObiq0ldo68i1d6o1IidObi6,雫,2,5,9,12,0,5,9,12,0,13
OoQoQIP06Doq1d88dDQQdlQ8i68Do9DO,漆黒のスペシャルプリンセスサンデー,4,8,11,13,0,7,11,13,0,15
0d8Q9I86lo8oDlQiPd81ll66ob0qli89,しゃかりきリレーション,3,6,9,11,0,6,9,12,0,16
6dO6i9qq601D8ild9QIlbO8bodbiQ1Pl,灼熱Beach Side Bunny,3,7,11,15,0,7,12,15,0,15
lIlold9IQbDb0d6IdP6600DOQIDb9dOP,十二星座の聖域,3,6,10,13,0,6,10,13,0,16
DIiQbd09D0PoIiPl9iP1q8qldOOqol8i,シュレーディンガーの猫,6,9,12,15,18,9,12,15,18,16
dlqPb1iqPo81qI89816QIoi01b1b0P06,春風ブローインウィンド,2,6,10,15,0,7,10,14,0,16
qoidddb08iIoDOo9DQoO0loPl8lPQ81o,スイーツはとまらない♪,2,4,9,13,0,4,9,13,0,17
80d8obPdlobP9qlqiDb01999o01q6DdP,ずっとみつめていて (Ryu☆Remix),1,7,9,12,15,7,10,12,15,14
ibI69PPO1iP0D1IlI0bb11QOq6081POo,隅田川夏恋歌,2,5,10,12,16,6,9,12,16,13
666ObIO9bO8D8q8q08I1OQo96DdIbbiO,すろぉもぉしょん,3,5,9,12,0,5,9,12,0,16
ld8lOqloqD6lOl880ldDo819bDb9q1Qi,星座が恋した瞬間を。,2,7,9,12,0,7,9,12,0,16
I8diIQiPO90qDD60oQ0o669I99dI69DD,晴天Bon Voyage,4,7,9,12,0,7,9,11,0,14
IQ0ID09qD6O1oOdIq0oilI8I8l9DlP9b,セツナトリップ,1,4,10,14,0,4,10,14,0,15
bq8DOQ9Idq9Ii9PQ1bqPIQoQPl961d1o,零 - ZERO -,3,5,8,11,0,6,8,13,0,11
D0Qb898oqblPoP68PPq1o9i9dI9o0D9i,千年ノ理,3,6,9,12,0,6,9,12,0,16
9obIQOP8O1l0PQ0Oi1oPQI198o0Pd81o,創世ノート,2,8,10,13,0,8,10,14,0,14
P869didbP8Q69IQ0dIqo1ibOb0bb99Q1,宇宙(ソラ)への片道切符,3,7,10,13,0,7,9,12,0,16
Q9l0i6DPO08obldq101ldDioiqdIDqlq,タイガーランペイジ,2,5,9,13,0,5,10,13,0,17
I8lidoibqQqoQOqiDi6QiDbP9DIdd989,大見解,4,4,8,12,13,5,8,13,14,8
P8DoiO0QO6Qb8iiP9D1IQ080lQQPD6ll,闘え！ダダンダーンＶ,3,6,9,13,0,6,10,13,0,16
DDDiQOd1IQQ6QIIq09PDqdQdDIll6bQI,打打打打打打打打打打,2,5,11,13,0,5,11,13,0,16
POoldOddQl9Dbq8b6iOP0iPoQd6IdOPl,男々道,3,4,7,12,0,4,8,10,0,9
I9iODl9bl1d8PilOilii9Dd19PP6QI66,チカラ,4,5,8,10,0,4,9,13,0,9
biqbD9I9q9D16i0i1Idb9d111l1QDq86,ちくわパフェだよ☆CKP,4,7,9,12,14,7,9,12,14,14
91dD6iqPO066do99169POPbQPbo9o6oq,地方創生☆チクワクティクス,2,6,10,13,0,7,10,13,0,15
lIQ1608o9O6bdoPO0ooi8io8i6q6bO1b,ちゅ～いん☆バニー,3,6,8,10,13,5,8,11,13,15
iQP6PI8oDQi1OPQObDQO1IIP9I8i0I1o,チョコレートスマイル,3,6,9,12,0,6,9,12,0,15
P66d8iQQIIQO96qoDdIqi9l19i69D9Dq,チルノのパーフェクトさんすう教室,3,6,10,13,15,6,10,13,15,16
Q96Qo0qbQ81odQoqPOOQ98oDbo6Pb1IO,チルノのパーフェクトさんすう教室 (EDM REMIX),1,4,10,13,0,5,11,13,0,16
lQ86Pod1b9oI8OiDDoId099di9OI8d9I,デッドボヲルdeホームラン,3,6,9,13,0,5,8,13,0,15
D68PQib86POo9D6O8Q0qO8bD6bDb1bdl,天空の華,4,7,12,15,0,7,12,15,0,15
OQbPdOIo6dPPIq6d8qid6DbPP0q991i6,天上の星～黎明記～,2,5,8,12,0,5,8,12,0,13
QoODOoqDli0bOoqqDo8ODo1lDI9llblo,ドーパミン,7,10,13,17,0,10,13,17,0,15
QoId0biOD18610ii0DDP61QqOl6qq86q,ドキドキ☆流星トラップガール!!,3,6,9,14,0,6,10,14,0,15
q1qI0QibDDP6oPdl8DlIlPo80DqDd66P,突撃！ガラスのニーソ姫！,4,7,11,14,0,8,11,14,0,15
II8Dlo69PoPOII9P88qdlQPP8I61DlDo,轟け！恋のビーンボール！！,3,7,11,16,0,6,11,16,0,15
liq91ddlPQ16iooqDDQ86qlodIO10Qb1,ナイト・オブ・ナイツ,1,7,11,15,0,7,11,15,0,16
q0QIob1PDI6IP86dlPb6I6il9d6bP606,†渚の小悪魔ラヴリィ～レイディオ†,2,6,11,16,9,6,12,16,9,14
Pi69o0idP1obO9QDqIDbPdqlb90q8Dq8,嘆きの樹,4,8,12,16,18,8,12,16,18,15
iIPq9q8PQDDObo610oQoi0ob96PDi8li,夏色DIARY -DDR mix-,3,7,10,14,0,6,11,15,0,15
Io1D1l9QiDo6IDObd8qo1Q9lQ6iollQ9,虹色,3,4,8,11,13,4,7,13,13,9
Dl690bPIlIq0Ol1PdPbb9QO0I66lIqO0,虹色の花,3,5,8,11,0,5,8,11,0,14
P160qOD09PQoOPI6iIOO69qDoqQl1qDQ,熱情のサパデアード,2,5,9,13,0,5,10,13,0,17
oOOI98q81oQQQP88d6Q6qlbl8QI9d0dI,脳漿炸裂ガール,3,6,10,12,14,6,10,12,14,16
lO8O011qIqioPDi9d0oib09DDDPIbqOI,爆なな☆てすとロイヤー,4,7,11,13,0,7,10,12,0,15
QlQ9Qb00bI0ob9oDIiPqO1QdQ0o6O0O6,初音ミクの消失,3,8,10,13,15,10,13,14,15,16
l1bDOIlb6ddI6od0q1llI0I6blq9oP0l,ハッピーシンセサイザ,2,5,9,13,0,5,9,13,0,16
6doo1dQ16Ol86oIbQ19PPldI8lIbP0OI,はなまるぴっぴはよいこだけ,4,7,10,12,0,6,10,12,0,15
6iq1dqQ1PDQlDO0bio0l89oDDDi6b0oD,華爛漫 -Flowers-,3,5,7,11,0,4,7,11,0,9
Q86b6I1Qi6Q918l6iOoOQl866oQoIQOi,ハピ恋☆らぶりぃタイム!!,2,5,8,11,0,5,8,11,0,16
668Q8qQdqoIQQiIQOilDqd8lDOOQ8bDQ,パ→ピ→プ→Yeah!,3,5,10,13,0,6,8,13,0,15
ibdIdIO60b880i8oPOdQD9qIqldOdDl8,ハルイチバン,4,6,7,11,0,5,7,11,0,16
D16P668Q8loqIoDo1IdoIlIloiIoIDll,*ハロー、プラネット。,3,7,9,13,0,7,9,13,0,16
160Oo1q8DolI6068lQi66OQbQ9Q8ODQI,バンブーソード・ガール,2,7,11,15,0,7,12,15,0,15
1Q809666i9oblO8qO688OiD6OIbiP0Oq,ヒカリユリイカ,2,5,8,11,0,5,8,11,0,17
1qdb8P8il9li6DOdPolq9d0d9Q6898oi,ビビットストリーム,4,6,10,13,0,6,10,13,0,15
Ibd8d0bllqOo61lqlQPd8lP01D0Qb9o6,ヒマワリ,3,4,7,11,0,4,7,13,0,9
I6Dd0QIi086il1918dQI6dq0l1d9ibD0,向日葵サンセット,3,5,10,13,0,5,11,13,0,16
Qb1db18qP1Ib6liPI1668Pq8QPb0QO09,ビューティフル レシート,4,8,10,13,0,7,10,13,0,13
0Qb8PDoQ06Q66obPI1P988oI61ioPb6l,フー・フローツ,3,6,9,12,0,6,9,13,0,14
oOI18qilo91qPQl9Q0l9iliO96Pi6DIi,風鈴花火,2,5,8,10,0,5,8,10,0,16
i8O81i0iQdqiI8qqP0oo8IPl9IoId1bO,不沈艦CANDY,2,6,9,14,0,5,8,14,0,12
id0QqdbI8oloO9l08IqI9q1D0819OQID,無頼ック自己ライザー,1,4,8,13,0,5,9,13,0,16
dDlDPddq08iD8IOb9I1PbODP9696966D,プレインエイジア -PHQ remix-,5,7,10,13,0,7,10,13,0,16
qD6P1ldl09Dqq8QP01bbid0b9IdqobPl,ベィスドロップ・フリークス,3,7,10,13,0,7,10,13,0,16
ObbOibP0ll9I00di6i9oO1qlIQbdD0ql,ベビーステップ,4,7,9,12,0,7,9,12,0,17
PqOilI0ql6QDID6oo0Qb9iDo1doqQqPQ,放課後ストライド,3,5,10,15,0,5,11,15,0,16
dP88i6I9b9QPQDPPO90POOIo0Il6QloI,星屑のキロク,3,6,9,11,0,6,10,12,0,15
DoQi6oPoD9DlO0898oo0ol0qoo6891Db,ホメ猫☆センセーション,4,6,10,13,0,6,10,13,0,15
0ddPq801D8PiiqO1oqoQbdOIQ9lQl11o,マインド・ゲーム,3,7,10,14,0,7,10,15,0,15
8i9llqdbQ6qP611I90lldPq1o1oQl69o,魔法のたまご ～心菜 ELECTRO POP edition～,3,4,8,11,0,6,8,11,0,16
PloPqd6Q19Q990dl16I0Qi06i0l8o168,魔理沙は大変なものを盗んでいきました,3,6,9,12,0,6,10,12,0,16
dOblQOoDb96l00dqPlIb9DQl86q9PboI,回レ！雪月花,2,5,8,11,13,3,7,12,13,15
Dl69Pb9OQDlbOi80OQdIObiQ1Q08Dlqo,三毛猫ロック,4,5,8,11,0,5,9,13,0,8
D686d06lO9IID8D0boPq0Pd8P89idO99,未来（ダ）FUTURE,2,7,10,15,0,7,10,15,0,17
811o6o1QPP0lPiolI1ObiD99l08o1dQl,ミライプリズム,2,4,7,10,0,4,7,11,0,15
DQO6qbiP6dldo6IIqlob9i8dqiqOio6o,夢幻ノ光,4,4,8,11,0,4,8,11,0,9
iqiqod1l08DlDql98QOi10oibldd8b86,冥,3,7,11,16,18,7,12,15,18,12
db1DlQ9qqI8PiqPD6q88O1P8PDbP11dq,めうめうぺったんたん！！,3,6,9,12,16,6,9,12,15,14
Qq6D900bD60PddqqbdQb96Pd60918100,滅亡天使 † にこきゅっぴん,4,6,9,12,0,6,9,12,0,15
b9QiIQ18b6o1bqPdqI6lI1OIqboPIDI9,妄想税,2,5,9,11,0,5,9,12,0,16
1dq6Oq918dIQb1doqQdbiPPPO9lIdl0P,野球の遊び方　そしてその歴史　～決定版～,3,6,9,14,0,6,10,14,0,15
Q8Q6d00DoIiPolOb9PIO0Pll96O0I1qD,ヤマトなでなで♡かぐや姫,2,6,8,11,14,5,8,11,14,15
od66Qb16lI019I06lllII811I9ol6l0i,ようこそジャパリパークへ,3,6,10,14,12,6,10,14,13,16
OoqbDO180q18oqi1ooO1QIdOoOPl69b1,ライアーダンス,4,6,9,13,0,7,9,13,0,17
0bDqIO9Q0PPIPlPll1D8Pbol9O6DlPdb,ラキラキ,2,7,10,13,0,7,11,13,0,14
D08qoOdPd8iOO916bOPIIIdqPP6O00iP,ラクガキスト,4,7,10,13,16,7,10,13,16,15
oQ9QDQ6I9oo9DP8Oi86id61o9Pbbl9bD,繚乱ヒットチャート,2,5,8,13,0,5,8,13,0,13
QQOOldqQ8QQDQ06i81d9DP9PlOlo1lqq,凛として咲く花の如く,3,6,8,10,0,5,7,11,0,11
o91qiqqDi9b6d6l1dQ6qO6oO0QDIlPql,凛として咲く花の如く ～ひなビタ♪ edition～,3,5,8,11,0,6,8,11,0,14
91qD6DbDqi96qbIO66oboliPD8IPP6io,輪廻転生,3,7,11,13,16,7,11,13,16,16
dqOoPll1qlDdo6Pd6O0DPPO6l16OIdD1,ルミナスデイズ,2,5,8,12,0,5,8,11,0,16
iP8ll9I0dd8d689PPqlI9008d06io09q,恋愛観測,3,7,10,12,0,7,10,12,0,16
lOb8O16P9P81olPdI1o1Dl9I6QQoIqIP,恋閃繚乱,2,6,8,11,15,6,8,11,15,13
DOQbd61o6P0oq968Po0oqP01qPQ8lPdq,ロールプレイングゲーム,2,5,10,14,0,5,10,14,0,16
Ol01P9IIoDIOldo8IQI0l6bd9lb9q0oo,六兆年と一夜物語,4,5,9,12,16,6,9,12,16,16
1OQd9o01Oq6Q018POOdlqodQ6bqDPOob,炉心融解,2,6,10,12,0,6,10,12,0,16
Q6b1odD8q99D190oP6ol01DolQPD0OdD,ロストワンの号哭,3,6,10,12,15,6,10,13,15,16
9O8bq8b1Pi6Dl08OiPq10OddOdol1qOi,ロンロンへ　ライライライ！,3,6,10,12,0,6,10,12,0,16
P0IoP69l6q08q8DoPD1Q8bqq099Pi1iP,海神,3,8,12,16,0,7,12,16,0,15
IQ0dIiDql9Q68d9ddQIiQbq1OPq8Db69,.59,3,5,8,11,0,5,8,10,0,4
ddOOOibQ6qIi9DI1bl8b108I1Ib6QDl9,1998,3,4,6,9,0,5,6,9,0,8
i9Pidb18b9O8bdqQ91QQP0oPdIdIODq1,30 Lives (Up-Up-Down-Dance Mix),2,4,7,8,0,3,6,8,0,11
Q96bO9D61lib19IiIi0i69P80bo6q69Q,321STARS,4,5,9,11,0,5,8,11,0,8
80Q1idDo6O6Db0106b0q6qbOP1P8QQb0,39,4,6,8,12,0,6,9,13,0,16
l1ODQ1bO9POQ6d8O0Iobbio11qb6O6bd,50th Memorial Songs -二人の時 ～under the cherry blossoms～-,3,7,9,12,0,7,9,12,0,17
bP10qq9dPDDqIl16lPIDDd8b00dIIP08,50th Memorial Songs -Beginning Story-,2,5,10,14,0,5,10,14,0,17
0IIO08bII0QQDOdobqbl8Ib8Q8O8q1li,50th Memorial Songs -Flagship medley-,3,7,9,12,0,8,10,13,0,17
D0iDbio81PIbI8dD6QOIP9IidDOP0PDP,50th Memorial Songs -The BEMANI History-,2,5,9,13,0,5,9,13,0,17
Dd98lDdo8Ob698d9qbO9iD0PqO19oQbI,8000000,4,7,10,14,0,7,11,14,0,15
id9oObq9P6Q6Pq6lQPqI88OP1DD8D0O1,888,3,6,13,14,18,7,12,15,18,12
00obPO6oPIPOoD9qb0dIl6q6D8P6o9bI,IX,5,11,14,17,18,10,14,17,18,15
oIb699q80OIPdlP0odl6bqbD0PlQodOq,A,4,5,8,11,12,5,7,11,13,8
dQoqo68881IiO9i00bP0q1lOD6i1PdD8,A Brighter Day,2,5,7,9,12,5,7,10,12,12
l0QP6DiIDIId0oiQiOl8q10DlI96OPiO,A Geisha's Dream,2,6,9,11,0,7,9,11,0,11
DibQ8O0bIodbdQo8D681qlqiDqllDPql,A Stupid Barber,3,4,8,9,0,4,8,9,0,9
O0O1lPoIIIQ9lbOi90odI0Di80qq16lo,A thing called LOVE,3,4,7,10,0,5,6,11,0,10
0DDo1ilPDQoIoPd8ol9OPO1IPbi9ii6d,AA,3,5,9,13,0,5,10,13,0,9
qdi88l6bo1Iqi9Qiqli8lIQQIPO1doQ9,ABSOLUTE,3,4,8,11,0,4,7,11,0,5
Q0qQO0P8818lIoo0boO66O0qd09dIlO8,Abyss,3,4,7,10,0,5,8,11,0,5
ld6P1lbb0bPO9doqbbPOoPb8qoDo8id0,ACE FOR ACES,4,7,13,15,18,7,13,15,18,16
O6I9ioqii8i6I1DIb1PqOD6q0ooo8bDo,Across the nightmare,7,8,10,12,13,8,11,13,13,8
o81iq91q6lI6OODP9Pb9OboDlQD9Q08d,ACROSS WORLD,2,4,8,12,14,4,8,12,14,14
IQ6I61i1b0Ob01QiQlld8o09iIQPoPOl,Adularia,3,6,10,14,0,6,9,13,0,15
l6d0ibbliQPQDdb1lP18D9qbPDi1698b,ÆTHER,6,9,14,17,0,10,14,17,0,15
Pd99DQo0bD9D9oIbPIId18P6l8qlDQO6,AFRONOVA,5,7,9,13,0,8,9,13,0,3
P01qbiIoO6dqIIqo6Db9dqq1bI6ddbqI,AFRONOVA(X-Special),0,0,0,0,13,0,0,0,14,11
DdO1iboqI6980Q6QPD9P1PbQQ88I16lq,AFRONOVA(FROM NONSTOP MEGAMIX),0,0,0,0,10,0,0,0,10,7
18911Q6o6do9Dd1blIo6IliPd0PPb99i,AFRONOVA PRIMEVAL,4,6,8,12,0,7,9,13,0,5
Qo9P1oOoDQIoOb8Dd0PdOdoD1D1Pbd8D,AFTER THE GAME OF LOVE,1,2,6,8,0,5,6,8,0,3
o6qi6idD9oqIdi81ldQlODqIqIiqlD1d,aftershock!!,3,5,9,13,0,5,9,13,0,12
Ilqd06QqoQd9IlQobq9idPqb1111Q96b,Ah La La La,1,5,7,12,0,5,7,11,0,14
il6PIiDq11dD1981dQ00918D96lPQ0iQ,air,3,5,7,10,0,5,7,11,0,8
6obQo6d0oQ6QoQql0I60b81IO8IOl1IO,Air Heroes,3,9,11,15,17,9,11,15,17,14
ddq1DldlQ990iidO6O99q61bI1966Q0I,ALGORITHM,5,7,11,13,0,7,10,13,0,16
oIPb0iPd8OdDD181dQd8OI18OQDl01QO,ALL MY HEART -この恋に、わたしの全てを賭ける-,3,5,9,13,0,5,9,13,0,16
PQP1l9qDilqbD0qOqiD8dd86qboI8bob,All My Love,2,5,8,10,0,5,9,11,0,12
dq190Il9iO1bD698ll6ddObIlqdIQ1O9,AM-3P,3,7,8,11,0,8,9,10,0,2
Oo91QPdQDd1Od1oQI6IIldbQ1lQ88bO0,"AM-3P (""CHAOS"" Special)",0,0,0,0,14,0,0,0,13,10
dQ1oPoQqD0db8O19P1P0D1oq8I68i1Id,AM-3P -303 BASS MIX-,4,4,9,10,0,5,8,10,0,8
808dq8OIq16PP19i1bP0IDP1OqPOlo6q,AM-3P(AM EAST mix),0,0,0,0,10,0,0,0,11,7
dbD8PlibPqqdI99901obObb6odqD8qDl,Amalgamation,3,7,10,13,15,7,10,13,15,13
9Q081Q0Do0IDDqQi9O61P111QIQd0oQ6,Angelic Jelly,4,6,11,13,0,6,10,13,0,16
Pq1O0qIiQII9PP1Qi6dbi9Pdo88dO8Dq,ANNIVERSARY ∴∵∴ ←↓↑→,4,7,12,16,0,7,12,16,0,16
9O1O0o8O1qbQ08Q961Ib1iOIDPQid109,Another Phase,4,7,11,15,16,7,11,15,15,14
D89QP18016o01qoOi60I6Q19dlOQPbdo,Anti-Matter,6,11,14,17,18,11,15,17,18,12
6bdDP91o1II60Qo99D60QI81o6oPlI80,Arrabbiata,5,11,13,15,0,12,14,16,0,10
6QdIl8odooDQ0oOQ0IObQqo1lO986PP6,Astrogazer,3,7,12,15,18,7,12,15,18,16
9DoD10OPQ999IlP0doo69olbOQ680q09,Avenger,4,10,14,17,0,10,14,17,0,17
lQ1QDdooiOO9QPo8q91iD1IqI8Po9ODl,AWAKE,3,5,10,13,16,6,10,13,16,15
6Qq1q91q8iIPlI89qDq96bO8QDD0qOql,B4U,3,5,7,10,0,5,8,10,0,4
6boDb6Pdd6QDP1oPdlQ0Qo1ld0lQb6P6,"B4U (""VOLTAGE"" Special)",0,0,0,0,14,0,0,0,15,10
POIDil00didIo98D10loIObibPOob88O,B4U(B4 ZA BEAT MIX),0,0,0,0,10,0,0,0,10,7
P8P1dlqi9D111iIDPOP0l9DIO1l6lqO9,BABY BABY GIMME YOUR LOVE,1,2,4,7,0,3,5,9,0,4
bqqIiO96di90bdP0QD1biD8DoDQIddOD,Back In Your Arms,2,5,8,10,0,5,8,10,0,14
8Q8dP1odl1D9lIbiIO86OPPIoq6qPP1l,Bad Apple!! feat. nomico,3,5,8,12,0,5,9,11,0,16
d0q8IDbqDI686q9Dl09ll0Id6bIio9Pd,Bad Routine,3,5,7,9,0,4,8,9,0,9
9qbdq1PiI1O81P1PdioQli66Ob9QiiQP,bag,2,7,11,13,13,7,12,13,13,8
lii9bbbIq08b6DIdQ16Q0QOPiOibliIO,Baile Le Samba,1,3,10,11,0,3,6,10,0,9
ObP1P1OoDII9b9ll698Q981ilIddb8Id,BALLAD FOR YOU～想いの雨～,2,5,9,11,0,4,9,11,0,9
9ib91bdq6i11l69d081qDD989Q0qO0qI,BALLAD THE FEATHERS,1,4,7,10,8,4,7,11,8,12
18id0bi1Q6lbl0091iP0QoOIq9DDPo9I,bass 2 bass,2,5,9,12,0,5,10,12,0,16
dOb880lOloIIod00PQ1iQOQqlOOQ0Ql0,Be a Hero!,7,9,13,17,0,10,14,17,0,16
P0O81Dl9Oiiid8bdOi0oqbD8DqolObbP,BE LOVIN,4,5,9,12,0,5,10,12,0,8
d18DI8bO1lql60Ol1dqQlI8qIobl191P,Beautiful Dream,3,7,9,12,15,7,9,12,15,14
d0IiI99IlI00lq606l68qOIl8PidiOlO,Beautiful Inside (Cube::Hard Mix),3,5,7,10,0,4,7,11,0,11
00q86iQQIIiOlqi6Doqi6b9PiOodo10O,Believe,2,4,9,11,0,5,9,11,0,16
8IdlOq1qI8OO1PP88I6olPiI6IqqqIIO,Blew My Mind,4,9,12,16,18,9,12,16,18,14
PP9QDQ0IQQID00P61d8qdDdP09b19iiI,"Blind Justice ～Torn souls, Hurt Faiths ～",3,5,8,12,0,5,8,12,0,10
oQ0bqIQ8DdPlilO000DQloOo6Od8IdQ6,Bloody Tears(IIDX EDITION),4,5,6,11,0,5,7,11,0,10
I9Ob6PlIiOQl6iQ6qO6QO0iQ1ld9DDO0,BLSTR,3,9,12,16,0,9,12,16,0,17
PO68qOQI1oo8iQidQ9iIi9o9PPOD9OP6,Blue Rain,2,5,6,11,0,5,7,11,0,11
18ibQ9qbqOI91Q1iiiOd990OPo1q1dPI,Bombay Bomb,2,6,10,12,0,6,10,12,0,14
QbD9QQP9bqoD00bQQl8obibP9PloQ9Qo,Boss Rush,4,10,14,16,0,10,14,16,0,16
D0dI08oDqi11Oo819D6ob1dlDbPlIPl0,Brazilian Anthem,3,5,8,12,0,5,8,10,0,9
bqQ1OQDidQD8QbIqql06O6o1QD6oOodP,BRE∀K DOWN！,3,5,7,12,0,5,8,13,0,7
6DP8POdO1PiP0D8il08Po6iD8oI9Pidl,Break Free,3,6,9,11,0,6,9,11,0,16
DblIbDd6lQQQoO9bloOI9iIqO1IiQoID,BRILLIANT 2U,3,6,6,10,10,6,7,9,10,2
d11l6160iiP1bDbQPQl0Pi8lddlld80i,"BRILLIANT 2U (""STREAM"" Special)",0,0,0,0,13,0,0,0,13,10
i18OPo6l8Q6bo9q0qP6889IDqoP8O0Qq,BRILLIANT 2U(K.O.G G3 MIX),0,0,0,0,10,0,0,0,9,7
DbPodlqiOQdD88bo8lPO9D6iql1DO8P0,BRILLIANT 2U(Orchestra Groove),4,6,8,9,12,6,8,9,12,2
iIP09bOq1l1b9b1l011IDIQ6Iill90Io,BROKEN MY HEART,3,5,7,12,0,5,9,12,0,5
ii6Oooool0IoOqi1qdDo96QIil6IoOq0,BURNIN' THE FLOOR,3,5,8,10,0,5,7,12,0,4
QdbPPPDlIQiI191qPdblO01O8P8o6D68,BURNIN' THE FLOOR(BLUE FIRE mix),0,0,0,0,10,0,0,0,10,7
i86qD6Pl61dPI0Q9db1P8bl1ii99q1lD,BURNING HEAT！（3 Option MIX）,3,4,8,13,0,4,7,12,0,7
DObld6O6OdblOo1di9dlP86DO909O6qI,cachaca,1,3,7,12,0,4,9,11,0,9
68dqbIdOiiiiddlbb1OD66qq6d80I6D8,Can Be Real,3,4,6,10,0,3,6,10,0,9
1Qqo9bID18OdiI1Qb0lP9DIqIO6ldPOP,CANDY♡,4,5,7,10,0,4,6,10,0,7
OPbqldiq0dQIo1011086IOl1qbOloOl9,CANDY☆,4,6,7,11,0,5,8,11,0,6
0qP01Q60boPPlQ8qO6O6q89iI91Pl0PP,CANDY☆(X-Special),0,0,0,0,12,0,0,0,13,11
ioi6db99oOPPDd1db888D6oi6bb06o0P,CAN'T STOP FALLIN' IN LOVE,3,5,6,11,0,5,6,12,0,4
DOqPd1Iid6oObd8i96I9oo8obbODb96o,CAN'T STOP FALLIN' IN LOVE ～SPEED MIX～,4,6,9,12,0,5,9,12,0,5
8IdP90DQDi9bqodPqDQIIqOqOO08PPio,CAN'T STOP FALLIN' IN LOVE -super euro version-,3,4,7,8,0,1,5,8,0,9
Iqo9PQiPbq8Q0I6io6lPIDi608lQqbbq,CaptivAte～誓い～,4,5,8,13,0,5,8,13,0,10
8Io6oi89Q8DblI8IPdPPI0q98Ql9o98Q,CARTOON HEROES (20th Anniversary Mix),4,9,14,16,0,10,12,16,0,17
P6id8qqolbP0oqO060OOqbl60DI9iQoQ,Catch Our Fire!,5,10,13,17,0,9,14,18,0,16
i0bdP6II6dqb6lbQQ9q9OQq68i1qPddO,CELEBRATE NITE,3,6,8,11,0,6,8,10,0,4
O6q1o06Po9lQbqOl08Io1obqQ9QPi09b,CELEBRATE NITE(EURO TRANCE STYLE),0,0,0,0,11,0,0,0,10,7
bd8o99iPI9lqOl1Q8P68lbQOlo8Oq1qO,CENTAUR,4,6,9,12,0,6,9,12,0,9
qD8Q180QlIi11o1IiI6DPoqolqoD61Ib,CG Project,3,5,9,12,0,5,9,13,0,12
q1q8IlPI1111D8IqiQ190qIoP0b0bIIo,Chance and Dice,3,5,7,9,0,4,7,10,0,11
8o1iQPiId8P6Db9Iqo1Oo119QDoq8qQ8,CHAOS,6,8,12,14,16,9,12,14,15,9
1iQIIPdQQOOlP9l90oPdIi60D9OOlqoQ,chaos eater,6,8,12,16,0,8,12,16,0,15
b16OP1o9qb6bQd66qOl98iq0boiQP919,CHAOS Terror-Tech Mix,5,8,12,16,0,8,12,15,0,16
dd80OooqdOIi9O60i91PDdIPIbIiiD66,Children of the Beat,3,7,9,11,12,7,9,10,13,14
P8obb0oQq1lbb6Do01PPDI1o8ooO6Pb0,Chinese Snowy Dance,4,7,12,16,0,7,12,16,0,14
ioDOIO9iP8qqPiP9io9Ib1I91OoQ0q0O,CHOCOLATE PHILOSOPHY,2,4,8,9,12,4,8,10,12,16
P8DQP9QIioPdi9IO6q0100PlQOIl86I9,Chronos,1,4,8,12,15,4,8,12,15,13
d18bbq1l699OP9Di6q8oqD9oPb1o1P6I,Chronos (walk with you remix),3,6,10,14,0,6,10,14,0,16
d91lIllbboPd668QP88I06Q6QqooQiO1,Cleopatrysm,4,7,11,15,0,7,11,15,0,15
odOQ1d1i6oil81b1QIDP6dOqqdooD918,Colors ～for EXTREME～,3,5,8,9,13,5,7,10,13,8
ilqiIlDdiQQ0oOIP8bPobDQqP0O90Q08,COME BACK TO MY HEART,2,5,8,12,6,5,8,12,6,13
oIII9lI0q6i9Q0b18ldoI6o0PQ0qqD01,Come to Life,4,8,12,16,18,8,13,16,18,16
1Ol1i86OQd61IlqPb9O1060l0OQDoDQI,Condor,2,6,9,13,15,6,9,13,15,14
i19IOi90Dq90ll989iIdOP9diodqi968,Confession,2,4,7,12,14,4,7,12,14,14
dO9b8Id9QQ8DOO69Q0lqi6O9QlDPIPl9,Cosmic Hurricane,3,6,9,13,15,6,9,13,15,13
9QIo1lbD1ldlqPO0iD68io69Pd8b01Do,Cosy Catastrophe,6,9,13,16,18,10,13,16,18,16
1DD68qQdqQ0i6bQ61ddQ06ql1D6O1l6P,Crazy Control,1,4,6,9,12,4,7,10,12,12
i0dqDPqDll9il0b6qoDPd19OQ0qO9qDO,CRAZY♥LOVE,3,6,12,15,0,7,12,15,0,13
Q0o8olIPb1iOo0loPPQI0PddI0qlb1Db,CROSS,1,5,10,13,0,5,9,14,0,17
ilIbq9Db1d86PIo0b96qdd0oPOQ6bqi1,CURUS,2,3,7,10,0,4,5,12,0,9
di9ddbd1lb80q98ODdod0ODQ0q6PdQP1,CUTIE CHASER,3,5,7,10,0,5,7,10,0,3
doQI0i6lQbOo66DOi6olPqOPqIqO8Qd1,CUTIE CHASER(MORNING MIX),3,3,4,9,0,4,6,9,0,8
ibl00b69Oli68l96d6o1P1ob8QPillbO,Cytokinesis,4,8,10,14,0,8,10,14,0,16
iQo0QOoI6bOPQlbb9ldOo9lbdD1idiOO,D2R,3,4,7,11,0,4,8,11,0,7
1O9P1DqQQqObOQPP6Il989qDqi0bQ8Qb,"D2R (""FREEZE"" Special)",0,0,0,0,12,0,0,0,13,10
ldlqDQ0bb8d9do86o898P0qo1OlD88qD,Daily Lunch Special,3,7,10,14,0,7,10,14,0,15
Oi1DI99DO6i6llQ8DDD6oDqOQqiP118d,DANCE ALL NIGHT (DDR EDITION),1,5,8,10,0,5,8,10,0,16
I8ql1i90i80oDO0Q9qdIliIqPq66lQd0,Dance Celebration,2,5,8,11,12,6,7,11,12,11
98D001P6b696O18P8qiIOl811bq1oQ16,Dance Celebration (System 7 Remix),3,6,9,13,0,7,8,13,0,11
6lQ9iQdq8P0Q11q9O8dbl9Q9Pi8bIb98,Dance Dance Revolution,5,6,8,12,12,6,8,12,11,8
6o966dbdo9dPIil6qQ09d1I0o0Qld611,Dance Dance Revolution(X-Special),0,0,0,0,13,0,0,0,13,11
Io9i8oQlbO1QqIdbbDPQl6b00OIPlIOP,Dance Floor,2,5,6,9,0,5,7,10,0,11
QbI1i8Q8o06qQQIqllQ6091l998D0qIi,Dance Partay,2,5,7,11,13,5,8,11,12,15
ddOqqDI91bqqiOoll6I0i16i1P18019q,Dancer in the flare,3,6,10,13,0,6,11,13,0,16
DdIbd6Pbl910P6QOqD6iQI0l0b1qdI8q,dazzle,2,4,8,10,0,4,8,10,0,11
IPdDlblblqO1do9IQbDoi0iOoPDoiDlI,Dazzlin' Darlin,2,6,9,11,0,6,10,12,0,12
69l8lOiooPPPqb9Io9Il01dPD0Q988Iq,Dazzlin' Darlin-秋葉工房mix-,3,5,8,11,0,5,7,12,0,12
8dbiodDo1i6IolDQdqdOoqDDD90q6liQ,DDR MEGAMIX,6,8,13,15,16,8,13,16,17,16
P98dl8qdoilqbPqIO86ood601o1696D8,DEAD END,4,7,10,12,0,8,9,13,0,3
PooiIP8qP0IPd9D1Ibi6l9bDoqdi9P8O,"DEAD END (""GROOVE RADAR"" Special)",0,0,0,0,18,0,0,0,18,10
6iO8d9ld00I6lDIO6qbOldP99oqloqb9,Dead Heat,4,6,10,14,0,6,10,14,0,17
il0QbI6IOIidllO108olqd8i9Pb1Oq8Q,Decade,2,5,8,11,0,5,8,12,0,12
QQldo10ObPPQPlliODiDIIl0Q1oPoo61,ΔMAX,3,5,13,17,17,7,14,17,18,12
PI1DiP0bIi8PodP6O1i8P0P1i8iI1oD8,Desert Journey,3,5,8,12,15,5,8,12,15,14
9dD6dlq01qd80loD6OOQb60ql6P6068O,Destination,4,9,12,15,0,9,12,15,0,15
98q8616ddDIqdo1dbqbO0Po96oldo1Oo,DESTINY,3,3,7,10,0,3,8,11,0,7
1diQi81loIodIdOlQ8Pd6Qd8b69Q1DP8,Destiny lovers,3,4,7,13,0,4,7,12,0,8
QPol19bIb009IDOPildbi1QPdPlO0dq9,Determination,2,5,8,14,0,6,9,14,0,16
19b01l0QPiDlDQb6lqd0dQ8Qlld6Dl6l,Diamond Dust,1,5,7,10,13,5,8,11,13,13
QD6b8i08P1IQloIPOPiqlIPoDlPi9DPI,Diamond Night,3,5,8,12,14,5,8,11,14,14
1i81dQboQ91QbdO9d6bQ1Pi00dPP01li,Din Don Dan,2,5,7,10,12,5,7,10,12,15
I8b69IdbID0Di06ldo6o1lb1IdI89Iqo,dirty digital,1,4,7,11,13,4,7,11,13,12
6i000qlo9PD9oi9I9Qb990D6D9i19699,Dispersion Star,3,5,9,13,0,5,9,14,0,15
0DODq0P9Qi6i6q8QPoPPOiOi6ib0188b,District of the Shadows,3,6,12,16,0,6,12,16,0,17
8Pb6oPdbO6lo8lbiQ181IDidI9ll8q80,DIVE TO THE NIGHT,3,4,8,11,0,5,9,12,0,7
lPDqbq6OIb810i8bqIo1i1olol1OlP9l,Do The Evolution,1,4,7,10,0,5,9,13,0,15
OO0QbD9D6QQIb10Q9IDOQd8odb6ob6qP,DoLL,4,5,8,12,13,5,8,12,14,9
1q6obddbql8lQdPI19liD6PdQ0dPIODd,Don't Stop!～AMD 2nd MIX～,3,5,6,10,0,4,5,8,0,4
PD9lP16dllbPqbdIO0Ii0I8D1I90QIIl,Dragon Blade,5,9,10,11,0,9,11,11,0,9
d9qd6lI0ddbQ068dq1oD8o6QDIi6blDO,Dream Machine,3,6,8,11,0,5,8,11,0,11
ii119ll8dOQ8IQqi1IOP1o8DIQbqo8Pi,dream of love,3,3,6,8,0,5,7,8,0,10
89ooi0i98Qlq9PloIl1b190DIo8Do16l,Dreamin’,2,4,6,9,12,5,6,9,12,15
b08D1ODPP0IqlIl91dDDdD1d0lD8bP1d,dreaming can make a wish come true,2,4,7,11,0,4,8,11,0,13
8bqd0Oibbo8q81QdODqdl1OOi1l99O88,DREAMING-ING!!,3,6,10,12,0,6,10,12,0,16
ObiIq6PDlOiPd0d1oP8IIQbqiq09IDII,DROP,1,4,7,11,0,4,7,13,0,12
Q0OiPQQ8IbIDq08IO9Io0qDdoDPPdd1q,DROP OUT,4,8,10,13,0,5,9,13,0,4
d0P01d9q8oOd8OP1bQPoqlq96906PqPD,DROP OUT(FROM NONSTOP MEGAMIX),0,0,0,0,12,0,0,0,13,7
8O0D9P6l9P9ooQdODioDIdQPq6DiDlbl,DROP THE BOMB,3,5,7,10,0,5,8,10,0,3
I0b6lIP691dOOI8PqDDlbPid9iO8o0lO,DROP THE BOMB(SyS.F. Mix),3,5,7,10,0,4,5,10,0,8
08PiiDq6b1oQ8OIIbDql0bDbIID0b1iP,Drop The Bounce,3,7,10,14,0,8,11,15,0,17
PP9q1DDi0liP1P00lqIoIbbqo9QqlIqP,Dummy,2,4,7,10,0,4,7,11,0,12
QDP0i688bQi1Idqil1dOqDdPdoIPP6Q0,DXY!,5,6,9,12,0,6,9,12,0,5
1QIPID18qib8D9Oo9lOo8I6DPi9qiod6,DYNAMITE RAVE,3,6,10,12,12,6,7,11,12,3
dd8loQPD0I86DiIql8b8o9qbO8l0d9Q9,"DYNAMITE RAVE (""AIR"" Special)",0,0,0,0,8,0,0,0,9,10
8liDbidQoI6Q01lO9iibIdboIiDl66Qo,e-motion,2,5,6,8,0,6,8,11,0,2
bPD6ObloQPOOiQb1DbQDdilodiddlIlb,ECSTASY,4,5,8,10,0,6,8,11,0,5
Dd6lP00DPqIb0d6iqOdlO08l69l6q1di,ECSTASY (midnight blue mix),0,0,0,0,11,0,0,0,11,7
9i0q91lPPiO61b9P891O1i86iOP1I08O,EGOISM 440,9,10,13,18,19,10,14,17,19,15
96Qo1idlD9o8q9qIdiDl18l0O06Qo108,Electric Dance System Music,2,5,10,14,0,6,10,14,0,16
9d0oQdIolIb0Po9b06QOiOP60IQlb8qO,Electrified,3,4,6,10,0,5,6,11,0,10
IPi69l86oqdDd8qoll61166D8969869I,Electro Tuned ( the SubS Mix ),4,6,9,12,0,5,9,11,0,5
li0IboIqq8qddDP0Oi1Q9i8OPoD88IQl,Electronic or Treat!,3,7,12,15,0,7,12,15,0,15
OiIOPd80d9PQQIbidO6ObioboO88OD9l,Elemental Creation,8,11,14,17,18,11,14,17,18,14
b60odbPO1IQd6d0qPIi1dQODq16i9811,Elysium,1,5,8,11,13,5,8,11,13,15
OdlOPPblPlbbldOdqblI06Dd1q00PPo9,Emera,3,6,11,15,17,7,11,15,18,16
1i10oIqlooQbOqO9qiodbIliilP1I06b,Empathetic,4,7,11,14,0,7,11,14,0,14
PO9Pl1q896bDDl89qQb98D80DQoPio1I,ENDYMION,9,13,15,18,19,13,15,18,19,16
lb19I8d0DPb88QDQlP616lDqoboli90O,Engraved Mark,3,8,12,15,0,8,13,16,0,15
D81Pq66DQPiQdliqIPl0ioPOi9OlQoQ9,era (nostalmix),4,5,8,11,0,5,7,11,0,4
odQbP0bQqD89PolQ96II0PiqQQIddPi6,escape,3,5,8,10,13,5,8,10,14,14
qPDQbQ6lOqqbI9Plb6o9lld0ddIP8oiP,esrev:eR,2,5,9,13,0,5,9,12,0,15
Qb6PqOQO8Qd8i91D018olPiD01PbQ061,Eternal Summer,2,6,9,13,0,6,9,13,0,16
OqIlb9PQIo0Io90PIQi6q86dO8iP19Oi,ever snow,2,4,8,12,0,4,8,11,0,13
61Q6Q8OOiiQIbIi0l6l10qQ0Ii8P0Qb6,"Every Day, Every Night(NM STYLE)",3,4,6,9,0,4,7,10,0,10
81O10b1Oob9blo0888PQbd1I6bP0b8q9,Everything I Need,1,4,6,9,0,4,6,9,0,14
iOPbIi1b99819b9QiD8QbdPbq0DqO0DO,exotic ethnic,4,5,8,13,0,5,7,13,0,6
9QlqQb9qO008DIPbq8DOlP60P110DPi1,Far east nightbird,4,6,10,12,0,6,10,13,0,16
bIloQ900Iq01ql6ddP9idIb6iQ11i9D6,Far east nightbird kors k Remix -DDR edit ver-,3,7,11,13,0,7,11,13,0,16
8QbqP80q9PI8bbi0qOoiibOQD08OPdli,Fascination ～eternal love mix～,9,11,13,16,18,10,13,17,17,9
O6llIdODQD6oDQ6QiPQDOlob9i8l6qib,Fascination MAXX,6,11,13,17,18,10,13,17,18,9
ObIOQ6id8DOdlQlil8819ObqoDQIIoiO,F4SH10N,2,6,10,14,0,6,11,14,0,17
98PiPl8P0qlq8dd8P60Iq6dq899lbQDI,Feelings Won't Fade(Extend Trance Mix),4,5,8,12,0,5,9,12,0,10
qOdib0OIO1qOdiQiOi9qIiQiO91idbQq,Fever,1,4,7,9,0,4,6,9,0,13
liiPP608Oqbbb1Do88DPolOlQiq0Di60,Find The Way,3,7,10,12,0,6,10,12,0,14
DiqobPO1iliqP6DbQiDodPIPDiQO96dl,Find You Again,3,5,9,12,0,5,8,13,0,13
PlqI9Q1I6qdqb0IolOl1qP0bOQP0ibPP,FIRE,4,5,8,11,0,4,8,12,0,10
0ibD9Oio99IlQ0di916lId0bi08IPD9b,FIRE FIRE,3,5,8,14,0,5,8,13,0,12
9Di9ODOOl8PDQiO1O6o8lD16QlI609ob,First Time,4,7,11,15,18,7,11,15,18,16
8ll9P9bOloIqbI0O9PboP9li1iloIPPd,Flight of the Phoenix,2,5,7,9,7,4,6,9,7,11
dQD6lbPO66DllOb1i0IoqDqbii0IOQi9,Flourish,3,5,8,10,0,6,8,10,0,11
dDOdPQOqD6P68dIOl6O6I8q99Q6dd9Ob,Flow,4,5,9,12,0,6,9,11,0,9
O111bDqd0oQ1O8IqiIDQq091l1IDO8oI,Flow (Jammin' Ragga Mix),4,5,8,13,0,4,7,13,0,10
0D096II0i9l0doPlbPQbiPo1IQDDoOP0,Flow (True Style),4,6,9,12,13,6,9,12,14,9
q08PbOPPbPobob0OII096bP9iil9908D,FLOWER,3,7,10,13,15,6,9,13,15,13
d96OiPiOIboqI8o6PIDO8D9qPb9P18il,Fly away,3,4,7,11,0,3,8,11,0,9
DQI8O1bD9Oi9i90i0DqqOqbll91IiQI1,Fly away -mix del matador-,3,5,9,13,0,5,9,13,0,10
Dq8b8DPD06Q8qob8OOiQIlOdD8QQD0q9,Fly far bounce,3,6,10,13,0,6,10,13,0,16
ObI1oo6QlO981880DDDOlo8bQobI0I9P,Follow Tomorrow,2,5,8,11,0,5,8,12,0,15
Q8Ioq8POo69ol8bPiOPQPq61oqoPo0DO,Forever Sunshine,3,4,7,8,0,3,6,8,0,9
PPddP6OOldodoOPqiId19Pd919OOid61,Freedom,3,5,7,11,0,4,7,11,0,9
dd8PodO0ilIQQb0P0OQPDiodI9biP91d,Freeway Shuffle,3,4,8,10,12,5,7,9,12,10
8l0ld8Oq86P09lb91DdD9OliiPq9oq9D,Freeze,2,5,8,12,13,5,7,12,13,12
IQ9bDo1dPbIo0ODQiObbQ99iP1bOi8iI,Frozen Ray ～for EXTREME～,4,5,9,12,0,4,8,11,0,8
I0Ql0Di1qD6i0Qq1ql0qPb19q0IQ6iO9,FUJIMORI -祭- FESTIVAL,3,5,9,12,0,5,8,12,0,15
i6Q00D16PbbQPl19oibiiQ6qQD01D6o8,Funk Boogie,4,5,4,8,0,4,6,8,0,9
9i6dOd608qb0IlqoDIPb8q1o8q1ddQQd,FUNKY SUMMER BEACH,3,6,10,14,0,6,10,14,0,15
idIibqoooOlQ1DId8lOidd6il0bdoql8,GAIA,3,10,13,16,0,10,13,16,0,14
69qoD0l6olQqqbl09b069q898b600I6o,Gamelan de Couple,3,4,7,12,0,5,7,13,0,8
Dq0Iio09Pb9iD0lbb0I0qd8Q8i10II09,GENOM SCREAMS,3,6,8,11,0,9,11,12,0,2
olIo8PdO8dq16QqDIQboQq6oPqDO9qoo,Get Back Up!,2,7,9,12,0,7,10,12,0,13
Pq0Qq0OQqlPDQOld8bddlIDPD89o8bO8,Get On Da Floor,2,5,8,11,0,4,8,11,0,17
b8dqI0Iq60iQPPobiiQ8O6PiIqdodDiQ,GIRIGILI門前雀羅,4,5,7,12,0,5,8,12,0,10
d9llb88lDI1q0QI10P01lqIqlI6QO0Dl,Give Me,3,7,12,15,0,7,12,16,0,17
11dQb0qIdbO098ObDqOQQ8Ili9Il0lOd,Go For The Top,6,8,12,15,18,8,11,15,18,13
DPo0bi8Dibli118P6D981oQIPPQI01lo,Go↓Go↑Girls&Boys!,3,5,8,11,0,5,8,11,0,15
dqPDQ8Pb68iib8bIIPld10Q0oD8l600o,going up,3,7,10,12,11,7,11,13,12,12
ib8o1iD68il66olQ1lddIPi0lIb9dd1I,GOLD RUSH,2,5,8,12,0,6,7,13,0,12
b0Po680ibI600ObOi6qqidI06oqo0Olq,GORGEOUS 2012,4,3,8,10,0,5,7,11,0,9
lqOQbO0ql96IdDdD689o9PI1iI8Q1Ibi,Gotta Dance,2,3,6,10,0,5,7,11,0,12
q6qI6llb69D1IQq0OiP8OD06Qioob91Q,GRADIUSIC CYBER ～AMD G5 MIX～,3,8,10,13,0,9,11,13,0,3
10oQOoD00O1ql8qD88dI0i0biP69blq6,GRADUATION ～それぞれの明日～,2,3,7,9,0,3,7,9,0,8
Ib01P6O8OPl8qqQi9QO6dii18ID69I8P,Grand Chariot,3,7,11,13,0,7,11,13,0,16
I90bd6obO890P0d1iiPD0dol8o8QloQD,Grip & Break down !!,3,6,9,12,0,5,10,13,0,16
890q91iIbO96OOD10Qlob6qOObQoq1bd,Habibe (Antuh muhleke),3,5,10,13,0,6,11,13,0,15
l6qQi9qlO8diPd18dl6DdqPid01P91iQ,Ha･lle･lu･jah,1,5,9,12,0,4,9,12,0,16
8OIqIi996QI18Oo0q8iiiO8bbb6dI1l6,HANDS UP IN THE AIR,1,5,9,13,0,5,9,13,0,16
9OP0iqDD8PDIb8lblD0ol09oP1I1d9PO,Happy,3,5,9,12,0,6,8,13,0,16
8DdIqobi0liOPDO1qld6lQ9Dq00I66qi,HAPPY☆ANGEL,4,4,8,12,0,3,8,11,0,9
ol6IDd019O0qq8dblPQ96ol1oPbI990b,HAPPY☆LUCKY☆YEAPPY,6,10,13,16,0,9,13,16,0,15
oo8DId90dbDliiQQlQPQQoIq6lPliqo9,Happy Wedding,3,4,6,10,0,5,6,9,0,8
POl689q8ODbPI0PDo8l8oD81Plio8qlP,Haunted Rhapsody,2,5,7,13,0,4,7,13,0,13
lIlQ8DbPP6Iil1DOlQ6d8IPQblDQ8IiI,HAVE YOU NEVER BEEN MELLOW (20th Anniversary Mix),2,4,6,10,0,4,6,10,0,17
109P1iO9i6q1q0bdQobiodQDoD619dqd,Healing-D-Vision,6,9,12,14,18,9,13,15,18,9
qIDI69oIo8OlQqdqqDilI1do6IbP16Q6,Healing Vision,4,5,7,11,0,4,8,13,0,5
0D1618DDbol8bl9dP0lDdiD66ioIiidD,Healing Vision(X-Special),0,0,0,0,14,0,0,0,15,11
olQQ8QPPqqObDD9ooodOl9i9od8b06I9,Healing Vision ～Angelic mix～,5,7,11,13,0,8,10,14,0,6
1l8ibdlb0O0q00o6l9Pq1ibdbIQqqOb1,HEART BEAT FORMULA,4,7,10,13,0,7,10,13,0,13
qObI8DOldoqob8OQD6Dqdiob0dIb0ll9,HEART BEAT FORMULA (Vinyl Mix),4,8,11,13,0,8,11,14,0,15
iq6QI06oQlloO9Db9dbI8IDoi91dD8d9,HEARTBREAK (Sound Selektaz remix),1,4,6,10,0,4,6,11,0,13
lIPP90Ilqib08Obob9901PiP19OQ18P9,Heatstroke,2,6,8,10,8,6,8,10,8,12
oDlO8QQOQ68IO61q9PQd800QiOll1odI,Heaven is a '57 metallic gray ～gimmix～,4,5,7,12,0,5,7,13,0,8
OPdooDlO9iO09lI1ODP00660loDiiodi,Helios,4,8,12,15,0,8,12,15,0,17
9dDOQo8bQ6blDdd989l1QIO8liDq9O0q,"Help me, ERINNNNNN!!",4,5,9,12,0,6,9,12,0,16
DibOOIOD1id66O0DqOQ61O6I9bIIQQ0q,heron,3,6,9,12,13,6,9,12,13,14
811qq00Il1Q681068l8dQbPO60l0oD1l,High School Love,3,6,10,13,0,6,10,13,0,16
O1blDPOQ8IQb00o0D89QIDIlo8b06liD,HIGHER,3,4,7,9,0,4,7,10,0,4
8DQDq16PPlli6o9iDl11DqooqOPlOb08,HIGHER(next morning mix),0,0,0,0,11,0,0,0,11,7
dll6Dq0blbl1iPbIIiQ61QIoo00doqiI,Hillbilly Shoes,3,5,8,13,0,5,8,13,0,16
ODq019O9o1OPdq9PiPl0o8D8DQ8bid88,Holic,4,7,9,11,0,7,8,11,0,4
90qP0000qoO8o8dIidlO611ilO11Oo9Q,Hopeful,2,5,10,13,0,5,10,13,0,16
Oo9O18oqOi9DIoOoqb9IqQDo0dbdqP9q,Hoping To Be Good,2,5,7,12,0,5,7,11,0,14
PIdPo9o0qOIiPDIIlbo9l9dObP81lQqi,Horatio,3,4,9,15,15,5,8,14,14,11
6Oi66iq9bqi8bDI6l6lPdqDObo1i9lDl,HYENA,3,6,10,14,0,6,10,14,0,15
I08olqilqQi9Dd0qOq0o09PPqI0l11QI,HYPER EUROBEAT,3,4,6,10,0,6,9,11,0,8
8l808Do60DP0qDbD066QQqP1qOQdob90,HYSTERIA,5,6,8,11,0,4,8,10,0,4
lPloI86odlIbIo96P169b9I0Ob8lD189,HYSTERIA 2001,0,0,0,0,10,0,0,0,11,7
DddIPd6iId8Doqq8OibDlD1dOi8PO8o9,i feel ...,3,4,8,12,0,3,8,12,0,7
1i6ObblIOoPo6dDd9dIIq11l60qiD9di,I Need You,3,4,6,8,0,5,6,8,0,9
00Qbd9qoI681Q0biQOIiI08bI91i080l,I Want You To Know,1,3,8,11,0,3,8,11,0,16
q9oQ1Pid9OiIDO66Pd19blOi09019i98,I/O,2,4,7,11,0,4,7,12,0,13
1I9ODbQ81qi1006QoQI6d6dbd9iiPD9O,Idola,3,8,12,16,17,8,12,16,17,15
0ib0Pqol08o9ODDq166iDl8oll061lPl,iFUTURELIST(DDR VERSION),3,5,7,12,13,5,7,11,13,9
1Ob1I0do8Iq6QqP6PQIiddD18dqDP9oo,Illegal Function Call,4,10,13,16,0,10,14,16,0,16
lPoD60qooQ91QDq1qO9d19q9IoDIlPq9,I'm gonna get you!,3,4,7,9,0,4,7,11,0,8
90lolio9qd6qo6Pl8oo69iqi81oiiQib,I'm so Happy,3,6,8,12,16,6,8,12,16,12
Q8qb1oQobdqDqi0i19qqb11P1oDoiD8O,IMANOGUILTS,4,8,11,14,15,8,11,14,15,15
bdQ6IobP6II86I1io686Il9qQ69dOod1,IN BETWEEN,4,7,12,15,0,7,12,15,0,16
b1ObooOQ9iI0DilD9Q6qlIQ8D1d8dQO9,in love wit you,1,3,6,8,0,4,6,9,0,12
qQI9IQOd061Q69Oo89lll9bd99108Qqd,In The Air,4,6,9,11,0,6,10,11,0,13
o1dbD61Qi98O60liQQ91d8O16I86dqDd,In The Breeze,3,5,9,11,0,5,9,12,0,15
8o6ibb0b1i66Q0D8699boob69b80Qb1i,IN THE ZONE,1,4,7,9,0,5,8,10,0,13
qDi0dIlObi6Q6P8dQ1b8oIb188O9608o,INNOCENCE OF SILENCE,3,5,10,12,0,5,9,12,0,9
6oldqOoilo1OoP6P9OoO8bdD9lI86qdQ,INSERTiON,4,6,9,13,0,5,9,12,0,5
O8qii6oiooPd8lbPqDo9QQioIoQQOoq0,INSIDE YOUR HEART,3,4,6,9,0,3,6,9,0,9
Q61QoIQOQdoO98DP1oDlOIoO6D6lqq1o,Inspiration,3,5,7,8,0,4,6,9,0,11
dPdO9OP6616o99l99qiI9DddQdD9D80b,INTO YOUR HEART (Ruffage remix),3,4,8,11,0,5,8,11,0,11
6DQoDoliDO6P96P8D1POoOd8q9QbOibQ,invisible rain,2,4,7,11,0,4,7,11,0,16
bPb96lbDP9OdI0Oi1189iOPPdllPIDQb,Ishtar,3,5,11,14,16,5,11,14,16,16
IoI10obli6qd9DI699l61Pq16P9bboDd,Jam & Marmalade,3,4,8,11,0,5,8,10,0,9
8qd9d01dPOq1lOOoPiOIoPobdd1QODPq,jane jana,3,4,7,10,0,6,7,11,0,8
1PQdDiqOD6o1b61iiDOoiiblIQbI91Pb,JET WORLD,3,4,7,11,0,5,8,11,0,8
qOD6OPbP6b0l0ODOiObiQbl1DbPqOi9I,Jewelry days,3,6,9,12,0,6,9,12,0,16
bQI1dIlIObIIQood96O9q9iO8li11OO9,JOKER,2,4,8,11,14,6,8,11,14,14
dDQqqIQlDQ9POd90OPl9Dd1i106odDl0,JOMANDA,4,8,12,15,17,8,12,15,17,15
0lDDIlQ91lq6O16q9QQ681d6Db1l0oOb,KEEP ON MOVIN',4,5,7,9,0,5,9,10,0,2
PQPloiIQ19QDP9QoI1ld9DlDObIOP689,KEEP ON MOVIN' ～DMX MIX～,3,5,7,11,0,4,8,12,0,9
Qq8bbbqO6qQ1DPODd16oi1QDQoQ9b8DO,KHAMEN BREAK,3,7,11,16,0,7,11,15,0,15
Q10PdOD6bDD9QPQQqiO11669bb0lQ189,KIMONO♥PRINCESS,5,8,12,15,0,8,13,16,0,12
qIoDdQ1OOoPO8Q1Io0P168161DODPoqb,KISS KISS KISS,4,5,6,12,0,5,8,12,0,8
QdIl6D808iDoDQi0Qii99Do6do8DOdQO,KISS KISS KISS 秋葉工房 MIX,2,5,8,12,0,4,8,12,0,12
iOqb60DOOolIioDIOPi09P91i8PDiOqq,Kiss me all night long,3,3,6,10,0,3,6,11,0,8
9IOdDPPO1IIPD9oDbOPo0Qo99Ii6Q8oi,LA BAMBA,3,5,8,11,0,6,8,12,0,9
9IOdDPPO1IIPD9oDbOPo0Qo99Ii6Q8oi,La Bamba,3,5,8,11,0,6,8,12,0,9
b6l6qPPdiOqqPqqII0IPqI981bolOqIb,La libertad,3,5,9,12,14,6,9,12,14,12
IDPbb8oiQl0od6b8OqlPDo08o0QDo6iQ,La receta,3,4,7,11,13,5,7,11,13,12
901q61iP6lPiDqIQoQod9PDqlOPq1bb9,La Señorita,4,6,8,10,0,5,9,13,0,3
boP0i08bqQ9d9OoP8Ol6I0l9Po01DiQb,La Señorita Virtual,4,8,10,12,0,9,10,12,0,3
ddib8P601q0Oqdb0Pl8oqobq9DD608P1,L'amour et la liberté(Darwin & DJ Silver remix),3,4,7,11,0,4,7,12,0,10
8IIoIQQqlooiI6QD9ldIO6qidP98QP68,L'amour et la liberté(DDR Ver.),3,6,9,12,0,6,9,12,0,8
8lDOiqP0biD8dD9lOQO619i1PqbqDiP8,LEADING CYBER,3,8,9,13,0,7,10,13,0,4
6bO0Dq60bboi009iDbO8o9Q9999PiiDP,Leaving…,2,5,8,11,13,5,8,11,13,12
08QP8bOQ6OOdd11Dq81db1l8IdiDbod6,Lesson by DJ,1,0,0,0,0,0,0,0,0,16
bP69QdDQ0QQ9dP0dDio0dO61i9Dbdl00,Let the beat hit em!(CLASSIC R&B STYLE),3,6,7,10,0,6,7,10,0,6
id0i6dQId1D9l1P9bq9iP9608Ioi9iq8,Let's Get Away,2,4,7,9,0,6,10,13,0,13
D9ooldO1009Pq1dP6P88lD80P0Oi060P,LEVEL UP,4,7,10,13,0,7,10,13,0,17
dqb09QD6o0O8PooiqbqQOdqQ1l80o691,Life is beautiful,5,8,12,16,0,8,12,16,0,16
i1ol0PO8QbQD0q0oDI6qq0IO68868bP8,Lift You Up,3,4,6,10,0,5,6,8,0,11
8O86IP9dqQ8818ld9od8Q0PiDId6666P,LOGICAL DASH,3,4,7,11,0,5,6,10,0,9
D6IQ1O1D00D1o8IQq0O9qqIibqDiiO0i,London EVOLVED ver.A,5,8,11,14,17,8,11,14,17,13
OlDo09P8l0d6d80i8qD0qQddbi0QQD8b,London EVOLVED ver.B,5,8,11,14,17,8,11,14,17,13
09looidO89Q9DiDdqQiDPlIQDoiobobQ,London EVOLVED ver.C,5,8,11,14,17,8,11,14,17,13
D9IO16idQq6iiI88loI1i986lIID0O9O,LONG TRAIN RUNNIN' (20th Anniversary Mix),3,6,9,12,0,6,9,13,0,17
l0od6D6dl9PQdl1iDPOlD80io0iqqDb8,Love Again,2,4,6,8,0,3,6,8,0,12
boOdPIqbDd8li0O0IqliPo1Doq99Ob09,LOVE AGAIN TONIGHT～For Melissa MIX～,4,5,8,11,0,5,7,10,0,4
D6oPIlOlIIOi1oq6Pd6011lqobbqOlib,LOVE IS ORANGE,3,5,7,9,11,5,8,8,12,9
6dqPOId9Od11Il90QO0q9iQI6d68IolD,LOVE IS THE POWER -Re:born-,1,5,7,10,0,5,7,10,0,13
iI8qbP0IIb16Oi9bIbb8O9dbDDi1ql86,♥Love²シュガ→♥,3,5,6,8,0,4,7,9,0,8
IPOq96Qo911IdQbdqIo0I816i6O86ioO,LoveLove DokiDoki,2,6,10,12,0,6,10,12,0,15
qIP6DPdbD9iO86i1DO9qDd8l6dPdbl0P,LOVE♥SHINE,3,5,6,9,0,5,7,11,0,8
qi9qP1dPd6PPDlldbb8OIlD08Pbd9006,Love♡Shine わんだふるmix,3,5,8,11,14,5,8,11,14,16
i8II16blIIbQQd196b616OPbPO910oi9,LOVE THIS FEELIN',4,9,10,11,0,9,10,11,0,3
qIqbqPblQIIObd9166bbDiioOIiIq991,Love You More,3,9,12,16,0,9,12,16,0,16
61D9oiPDI68Dq60Dqi99qqd9DqD1D1qd,LOVING YOU (Epidemik remix),3,6,8,11,0,4,7,11,0,11
odD0Ql6iQbidDlqdPIdo8iQO09OoIbD0,MAGIC PARADE,1,4,7,10,0,4,7,10,0,13
18l0blb188Oqqi8I68o8oq91Qbq86QDi,Magnetic,3,7,11,15,17,7,11,15,17,14
0Oo6iId08018qOqbo6O1o0QQ9D09Piq1,Make A Difference,3,5,7,12,0,5,8,12,0,9
6IPiID10iO699bOQlODd1PQ0liDi9i1I,MAKE A JAM!,2,5,7,9,0,6,8,11,0,16
8Il6980di8P89lil1PDIqqIbiq1QO8lQ,MAKE IT BETTER,3,7,9,12,0,7,9,11,0,1
9qP16D6l11i9P1lQ0b1DIqoOqqiIQDl9,MAKE IT BETTER (So-REAL Mix),2,7,8,10,12,7,9,11,12,2
1Q9l881P1bq8bQQ9OOqQ10OioP68bQ8o,Malacca,3,4,7,10,13,5,7,9,13,11
6P6dPoi66qO980bQo6l1QdlQIooq086l,MARIA(I believe...),3,5,8,11,0,5,9,12,0,9
oOdl0d1IOo0bd008DOl91606Pd0PP86d,MARS WAR 3,3,4,8,11,0,4,10,13,0,10
6P18lOliIQqIO6Di0PP8iDlDQ01b0o0q,MAX 300,5,9,12,15,0,9,12,15,0,6
oOI88lollO1OOQQd9DPi0690I6i6oiII,MAX 300(X-Special),0,0,0,0,17,0,0,0,18,11
qOP1qP69o6id061o9bo8l6P11P1PQI1O,MAX 300 (Super-Max-Me Mix),6,10,13,15,16,9,12,15,17,9
1Dl19idl0i0qiqidbDIIbQddiP6o11PP,MAX 360,9,12,15,18,0,12,15,18,0,16
l6999IbQI61IO9qQbllobqo68lqobibq,MAX LOVE,3,6,8,11,13,7,8,11,13,12
89I0ooQbbI1I6O1iq861PQQqIo9iO86b,MAX.(period),5,12,14,16,18,11,13,16,18,15
OQol16I968Q8bDoQd80i90oQQbqOdbdP,MAXIMIZER,5,6,9,12,0,6,9,11,0,9
lObPDQDI08DoodDq1061IP1qbQ1qQQbl,MAXX UNLIMITED,5,10,13,16,0,7,12,15,0,7
1980q80l1Q96O881IidPd16qDbOol9Qd,MAXX UNLIMITED(X-Special),0,0,0,0,18,0,0,0,18,11
o96i9P9iO9o0DdbPb9bbQ66DqDq88Db1,M.A.Y.U.,2,6,8,13,0,6,8,13,0,15
6i189o0bl000608OPdOIODOOibq6QoPI,Melody Life,2,5,7,10,11,5,7,11,12,12
61QQi8i9Iliq66IOq1ib888b666o08O8,Mermaid girl,1,4,7,11,12,5,7,11,12,13
1OlD9Iqb9Oqol09dDi6iiQ9Iod1oP0il,message,1,5,7,11,0,3,7,11,0,13
iI1iQD6Id0PiPDoo919doOooDib09I6b,MIDNIGHT SPECIAL,3,7,9,10,0,7,10,12,0,9
b6dqPiOO6iO6b8D90Ido6QPOlObd9o98,Mind Parasite,3,5,9,13,0,5,8,10,0,9
i9DPi1Do9qoIQid09o1oilodPlDP6doO,Miracle Moon ～L.E.D.LIGHT STYLE MIX～,3,4,6,9,0,3,6,10,0,8
Db9DllQooo6lqQdl6Q6OD6q066i1IdOO,MITOれて！いばらきっしゅだ～りん,2,6,9,13,0,6,10,13,0,15
bD1DbibPIq9IIlQd0OIIl0o91QI1il69,Monkey Business,3,6,9,13,16,7,10,13,16,14
OoQ6Oq81oIql8iIlbI6qldIlqoD1Di1I,Monkey Punk,4,5,8,10,0,5,8,10,0,9
lI8qIDQPD0PDOdO1d01iOq8bI98iiQ1l,MOON,3,3,7,10,0,1,8,10,0,9
olOOdb66Q0bP0dqQPdIdQ8IPQql8D6bi,MOONSTER,4,5,7,12,0,4,7,10,0,10
qOlDPoiqibIOqod69dPilbiqD6qdO1qQ,More One Night,3,5,8,10,12,5,8,11,12,16
QQdIOi1Q81IqIoDqo80P0I1Q9qIdq1il,murmur twins,3,4,8,11,0,3,8,11,0,9
i11d86DOOdOb8Pbb1QqIilQI9Idib8PP,Music In The Rhythm,4,7,8,11,0,5,8,12,0,10
Io1661doQq6OQ8DoobPq1IQlbqoDD1q8,My Only Shining Star,3,4,7,9,0,3,7,11,0,9
6Ddo196olOPi9IQdbQ8Qbd8do8Q1obOD,MY SUMMER LOVE,3,4,9,12,0,5,8,12,0,4
d99P0I1i960QO0oolD6oQIO8OObO9Plb,MY SUMMER LOVE(TOMMY'S SMILE MIX),0,0,0,0,12,0,0,0,11,7
Po09DbIQ9QPoboQi0900lbbOqDoPbIod,neko＊neko,2,5,9,11,14,3,9,12,13,15
DI91q6O00bliOldqO6DqDdqib86iqPPP,NEPHILIM DELTA,4,8,12,14,0,8,12,14,0,13
lO91bIQ0Q990PqPbPIq88b9I9PI6ID0Q,Neutrino,6,9,12,16,18,9,13,16,18,16
1iDPo19Pb9ooi8OqiidbqPb06DDdqiqo,Neverland,4,8,12,15,0,8,12,14,0,17
08PO96OlIoQqPdq91Q1Qqlo8lPidbPP8,New Beginning,3,5,9,11,12,6,8,11,12,13
o068b00O6QD8lo9O1i9PbQlqO6IQOidD,New Century,4,9,14,17,18,8,14,17,18,16
o0l1Qioq1i9iQl6b9q6il0iqi1b1OQ9b,New Decade,4,11,14,17,18,11,14,17,18,12
DdIo9DQ0ddDld99DQdiiqbPP06OI91I0,New Era,8,11,15,17,0,11,15,17,0,17
6i99bQI11qD818DDdq6qb0Dql880lP8l,New Generation,4,7,10,14,17,7,10,14,17,14
PdqQ0oO8lIOi800i69I9100olb9Q6D8Q,New Gravity,3,6,9,12,14,6,9,12,14,14
II68b0dooOIOlOiq0iQO18blDd6b9O9D,New York EVOLVED (Type A),4,9,13,16,0,8,13,16,0,13
61P0I66id16QIi08Q1918PlldOOiooql,New York EVOLVED (Type B),4,9,13,16,0,8,13,16,0,13
Od8ld9bQQPDddIqDQ1PloOOdQ0IQo0O9,New York EVOLVED (Type C),4,9,13,16,0,8,13,16,0,13
iP6qIl6lD809098io0OiPP08Ii18I6OI,NGO,6,10,12,15,18,10,11,16,17,10
ib0l98Q00O1Do9oQq1IQOOqQOOb80bIo,nightbird lost wing,3,7,10,14,0,7,10,14,0,14
81qibDQqq8idiD1lQqq0qdqD6i6q1QDb,No.13,4,5,9,13,0,5,9,12,0,9
iI96000Ib9DlIOPlDQIO00oDiO9DbPI0,Nostalgia Is Lost,3,7,11,15,0,7,11,15,0,15
DbQbDQOl0lII16ib1081d6ddIodD0P9I,oarfish,1,2,8,11,0,2,8,11,0,12
OPDQ9Oi8I6D1I1iqi8iOiP0bDI9Pl86P,on the bounce,3,7,11,14,16,6,9,14,15,11
d88boiQ609PO8ODDo6IliPIb69I80dlP,On The Break,3,8,10,13,0,7,11,14,0,11
OQb96d6qD9bPdD819QO0b88blIllldoi,One Sided Love,2,5,8,10,12,5,9,11,13,15
blDbDqdo1D0odlQd9biIoio8ioQPb80i,only my railgun,1,4,6,9,7,5,8,12,8,12
99OQb9b0IQ98P6IQdPOiqi8q16o16iqP,ORCA,6,9,14,17,0,9,14,18,0,17
1d10660Dd0IOibDI890Ild80q6ddoQO8,ORION.78(AMeuro-MIX),3,4,7,12,0,5,8,9,0,4
61ido0DPl8q0dI1i011Do1b6669dPIlo,ORION.78～civilization mix～,4,9,12,13,0,9,11,13,0,6
ldDD06dIQ0qQPD9OI88P90OOi0bQPD1O,osaka EVOLVED -毎度、おおきに！- (TYPE1),9,11,13,15,0,10,12,15,0,13
8006PP188Qldob68ld6OPqlbl1biod6D,osaka EVOLVED -毎度、おおきに！- (TYPE2),9,11,13,15,0,10,12,15,0,13
di088lOPlqQ1OoQIbilI1P0q119i8o9O,osaka EVOLVED -毎度、おおきに！- (TYPE3),9,11,13,15,0,10,12,15,0,13
QD8D6IQ1QoOPIPIIbI10QDOdd96OPIQi,#OurMemories,3,6,9,12,0,6,9,12,0,16
I6qdO8Di181P6Q9Ooq0d8d0DOdq1dOOQ,out of focus,3,6,12,15,16,6,12,15,16,16
6bid6d9qPQ80DOqiidQQ891o6Od8801l,Over The “Period”,8,12,15,18,19,12,15,18,19,15
06loOQ0DQb0DqbOibl6qO81qlIdoP9DI,PARANOiA,4,8,9,11,0,8,13,11,0,1
I8bQ8ilD9l1Qi9Q9iI0q6qqqiolo01QP,PARANOiA(X-Special),0,0,0,0,13,0,0,0,14,11
PP1q0iii1D6Dq9QOd0qqDOQD0160QoPD,PARANOiA ETERNAL,4,8,10,13,0,9,11,13,0,5
ioQP0b6I11Do1OQPIQ6OIDiPODD0l0dd,PARANOiA ETERNAL(X-Special),0,0,0,0,13,0,0,0,13,11
DPQo8Q0l9D8IPiDiq11l8OI6i11OOb6O,PARANOIA EVOLUTION,5,9,10,12,0,6,10,13,0,4
o6oqqiOOb9Pob66loQoQddlDP6PP69lo,PARANOIA EVOLUTION(X-Special),0,0,0,0,14,0,0,0,15,11
io1d1Dq80Di08O1Pb9bQ8DoP9d9Ooi90,PARANOiA ～HADES～,7,11,15,16,18,12,15,17,18,10
9doPbId8qid9I9l6ooloPQD1lq1Plb6I,PARANOiA KCET ～clean mix～,4,8,9,11,15,8,10,10,15,2
Pl0dPid9lQDo6PDQDqPboPqO6iIDIqoo,PARANOiA MAX～DIRTY MIX～,5,9,10,12,0,10,12,11,0,2
dQ69Oqd0Do8Dodd6bQD9l16Olo9P01DQ,PARANOiA MAX～DIRTY MIX～(X-Special),0,0,0,0,13,0,0,0,14,11
0lDP0P06PIPl1iiIDOb919iqo1oPdlP8,PARANOiA Rebirth,4,8,10,13,0,9,11,13,0,3
o6bPdI8O089O8lbl8OlIb1lPo8o1lODQ,PARANOiA Rebirth(X-Special),0,0,0,0,14,0,0,0,14,11
IP00ID9bdlOoP9o9lo1qlO0D1Pdo9I8l,PARANOiA-Respect-,5,11,12,16,0,8,12,15,0,9
606b9d6OiliId69bO9Odi6qq8o8Qd0dq,PARANOiA Revolution,6,9,14,18,19,10,14,18,19,13
O9Id8Qi6OIDIQ6bPi610q0001l1P099q,PARANOIA survivor,4,9,11,15,0,9,11,15,0,8
68iQ9666QIQP1IOQbbd9989DQQ1D0dOl,PARANOIA survivor MAX,5,9,11,15,16,9,11,15,16,8
qDIdbDO1OiDPqd1i60Dd6OPOlO90D10Q,Party Lights,2,4,6,11,0,5,6,10,0,11
oQQqlb666o69DDOQoboOI1b1q09lQ9P6,Party Lights (Tommie Sunshine's Brooklyn Fire Remix),2,5,8,11,0,5,8,11,0,15
8PQooio0ilPoQ8Di66I19QOQP90Ddbdi,PASSION OF LOVE,4,5,7,10,0,6,8,10,0,9
DD6olq00PD91odbO9QbldDb0bQ18oqo1,Pierce The Sky,3,8,11,14,0,8,11,14,0,12
O09lbd0I8D0DI08O06l6iiI0i11I1iIb,Pink Rose,3,4,6,10,0,4,7,10,0,8
6oI9d9lO6Q0iDD8dIIO08qIODiqiIqDl,Plan 8,4,8,11,14,0,8,11,14,0,15
i66lIl9D60DPq0dQ0O9666ID8bPlID9i,Playa (Original Mix),3,4,7,11,0,4,7,11,0,11
dD6PqbboDil89DPIID86Pldi6obI1b8l,Pluto,6,9,12,14,16,9,13,14,17,10
0IldoDlDQql99DqQo0Qq9ioPIiiPoIoi,Pluto Relinquish,5,12,14,17,18,12,14,18,18,10
PIO8dod8P9OOP1bi0D1POIi6OdOdQDql,Pluto The First,8,10,14,17,18,10,15,18,18,12
l609D9lOqbDP6iIld1dI18l888dODQ6Q,Polovtsian Dances And Chorus,3,4,9,11,0,5,9,11,0,9
O6q0qIQdII9086d9q6o0D1PO06liQ9iO,Poochie,5,8,12,16,0,8,12,15,0,16
1PiiOiQoq8dbdi819q9Ild966o6o19QQ,Poseidon,3,5,9,11,0,6,9,11,0,10
qD6q1PD0lIDP89DPDbOOIdq0Pi8iIdD6,Poseidon(kors k mix),2,5,9,14,0,4,9,13,0,12
q6di1DQbi88i9QlPol1iIPbb8lP1qP1b,POSSESSION,7,10,14,17,18,11,14,17,19,12
19q96Q8l1oqbD0OQq6biDbO6O1oqqb6O,POSSESSION (20th Anniversary Mix),8,11,14,16,0,11,15,17,0,16
o1Od8IPqddIP0oIPod81PDodPo1qo88o,POSSESSION(EDP Live Mix),3,9,12,16,0,9,12,16,0,15
P0iOob80dDPqI8oIqq1dOiDd9qilQqDl,PRANA,4,8,11,14,16,8,11,14,16,14
D8q1ObblD0i6liQ0OD6OdD0qIo9oPldb,PRANA＋REVOLUTIONARY ADDICT (U1 DJ Mix),5,9,13,17,0,9,12,16,0,15
i916bDibPI9l869o9IIQb8DbO9bPDi6q,Prey,5,11,15,18,0,11,15,18,0,16
1PoOQPd0D01Q9O0doiQQQ8D8Q096bDq9,printemps,3,6,10,13,0,6,10,14,0,14
0dOi10q9Q6oi0Q9960iQQDO6olqlDDqo,Private Eye,2,4,8,12,0,6,8,12,0,13
1DPD60Q8D1qD8i80P160bqDQ81DObDlP,Procyon,2,6,11,15,0,6,11,15,0,17
Pld9iO6oi9qlDD08l8QDdIi6d6Q6iDd1,Programmed Universe,2,5,9,12,0,5,9,13,0,13
99q8i8bPldDbio919ob0DPi0bqdIoobi,Puberty Dysthymia,4,8,13,17,0,8,13,17,0,16
IIDiDdQ1d6bIqbld9IdO106POdiPO6PO,PUNISHER,3,6,11,14,0,6,11,14,0,15
bl90QbiqoOlDI6iQQQdo0Iol6PIdQblP,Pursuer,3,7,14,17,0,7,14,17,0,16
DQlQ1DlPbq900oqdOo8l0d6I1lIOl99l,PUT YOUR FAITH IN ME,3,5,6,9,0,6,8,8,0,2
IQqOIb6ob8bIbOII66ID0oIQDPl6bdbb,PUT YOUR FAITH IN ME (Jazzy Groove),2,6,7,9,11,7,8,11,11,2
OI01b6I6OQ9IdQidll890oqlOPDql9ol,PUT YOUR FAITH IN ME ～SATURDAY NIGHT MIX～,3,5,8,9,0,5,7,12,0,9
091IQQ1PqOdIl9ioPQDdO60Dq069DP69,puzzle,3,4,6,8,0,4,6,9,0,11
diDO6qoqo9li6qDdidDiqO9bi8lOP8ib,Qipchāq,3,5,8,12,0,5,8,11,0,14
D01oOb0IOQ1bbIIdi88O0d80Qo9dblqP,Quick Master,4,5,8,11,0,5,7,10,0,9
QI96D9PqIQ90PidPQPdbqbi0q9q8lQbb,Quickening,3,6,7,11,0,5,6,8,0,9
Qo9l6l6lq0q618bQOb8d6qiooiiPQqoI,rain of sorrow,3,3,9,12,0,5,7,12,0,7
qbDidIlodPP6PqI00D18P6dDbioIdDPD,rainbow flyer,3,4,6,11,0,3,7,11,0,9
0OQdlbo111ib1i88IdIPIbollD68Dii1,rainbow rainbow,4,4,7,10,0,4,7,11,0,9
60qiDd000qDIobO0QI916i18bbolO919,Raspberry♡Heart(English version),3,5,6,9,11,5,6,9,12,10
POq8OPlOO9199i11Od0P00801Qo01DQo,"Reach The Sky, Without you",7,10,14,17,0,10,14,17,0,16
IDldD8o8P8dbIP6oiDo11i10lo6bP6oQ,real-high-SPEED,2,4,6,8,0,4,6,9,0,12
8qPoPbql190Pi9086ildIlQOqlPoQdP9,REBORN MAGIC,2,4,7,9,0,5,7,11,0,13
81QD89Q6Ob911oOoobO0D98IQ1D1q60d,RED ZONE,4,6,8,12,0,6,8,11,0,9
ll6iQl0PoiDob8Oi6dlOQ069061doqbq,Rejoin,2,6,10,13,0,7,11,13,0,16
qo6l9dbb8D0iDQI1odo0Qb9O1ibDdoIb,Remain,5,9,12,15,0,9,12,16,0,15
iO90Qo66I88P1IdDldo1oIqb8bldqDI6,Rescue Me,2,4,8,12,0,5,9,13,0,13
1Ob9Il9bOQdbOQbq00oi1qoo1o1dPoI0,resonance,2,4,8,11,0,4,8,11,0,12
PbQ8Q9ol09I18IIb0d6iO8i9ODID10iO,Resurrection,2,5,7,10,0,5,8,10,0,13
IPq8dO1lD8qidDlI0ObboI9IIldQO6IQ,RЁVOLUTIФN,3,7,11,14,17,7,11,14,17,14
O0Id19qQlDibiDdIP90o81bOo16qbQ0o,REVOLUTIONARY ADDICT,3,7,10,13,16,6,9,13,16,13
P8IQ8blOl1i08oP18i06Oq1iP9biP6Do,Rhythms Inside,1,3,7,9,0,4,7,9,0,13
q11d0oiQIlbP91dqqddPq9D80lbODbDi,Right on time (Ryu☆Remix),2,6,9,14,13,6,9,14,13,14
60P9IPOdi1OIbD61D8i0D9ODoq6QOIPO,RISING FIRE HAWK,3,6,11,15,17,6,11,15,17,16
iQqbdqOlqlPP11d1qI8lO6iQb19dO991,Romancing Layer,2,6,11,14,0,6,11,14,0,15
odd1O0boo1boqDb0dIOQdQi1IqdO1DQd,roppongi EVOLVED ver.A,6,8,11,15,0,8,12,16,0,12
QobO6O8iQP6I16l0I8QPd0Iq6iQ1loQ6,roppongi EVOLVED ver.B,6,8,11,15,0,8,12,16,0,12
lb9Qo61bbOdQidlQQD8DP8199Q911Id9,roppongi EVOLVED ver.C,6,8,11,15,0,8,12,16,0,12
l8q6diIod06OdP11P6I8oIddiPo16DPd,roppongi EVOLVED ver.D,6,8,11,15,0,8,12,16,0,12
dIQDOoO80odDP8OiOQIQ9oI0o99OdQDQ,SABER WING,5,8,10,13,13,8,12,13,13,11
PIP60POo0dDQlIiqO9bIQ1oddQD8P9Il,SABER WING (Akira Ishihara Headshot mix),6,10,12,15,17,10,12,15,17,11
Do6oPoo1QbOPo9DIii0Q0180l8b1Doqi,SABER WING (satellite silhouette remix),2,4,9,12,15,6,8,12,14,15
qOQQ1qdQPPQ1bbdPldPlIil99IDoPi61,Sacred Oath,2,4,7,11,12,5,8,11,13,12
iObdoO9b1O9o8dP8o0id9b1QioQ0q9q9,S・A・G・A,4,7,10,13,0,6,10,13,0,11
QQd9l19POblQdPdd61OD808DQ1qOQ9dl,Sakura Mirage,4,7,11,14,0,7,11,14,0,15
0Pq6o89llQl10dl8O0DdP6lIO0ib6Doq,Sakura Reflection,4,8,10,15,0,7,10,14,0,16
ib19PQ61bi0lI8qi98IQ8dOqOoP91olq,sakura storm,2,4,7,10,13,4,7,11,14,12
6lD1ooDi8Pdl0OlO0QoIioI8119I0PPq,Sakura Sunrise,3,7,10,14,0,8,10,15,0,12
9iOoPoQ998qD66DoOOOqD9oDQD88P8I0,Samurai Shogun vs. Master Ninja,3,7,12,14,0,7,12,15,0,15
QiQi666Qd9I6d1899iii80PdQdDlO1i1,Sand Blow,3,7,12,15,0,7,12,16,0,15
o9l8Id0D1lQdl1o9DDIPbO6q998lq8bd,Saturday Night Love,3,4,6,8,0,4,6,8,0,9
dDldd8OlbPQDoD80dO0DiDOiIoP1PQoD,Saturn,3,7,9,13,0,5,9,13,0,10
oQ1PPlOd8Ilb8I1I6biqO0lQPIoOldP1,Scarlet Moon,2,5,9,12,0,5,9,12,0,15
16Pio809ID669Di8OoPblQO0lDq668dQ,Scorching Moon,3,4,7,11,0,5,7,10,0,9
loP08P1PPi990lPD0O060d888O9o6qb8,Seasons,2,5,8,12,0,5,8,12,0,13
d1bQ1iIb0I1PoPOQqliIo9PiQQb1119d,second spring storm,2,6,9,14,0,6,10,14,0,15
9bI0dQdb01Dl1bQq1Pq998i0l096D99P,Second Heaven,2,5,9,11,14,5,9,11,14,12
Db9D6Old6lIo01q0qlQ0dD1oDdbdob8I,Secret Rendez-vous,3,4,7,12,0,4,8,12,0,7
oIQo8IQPbobO6bioiqqdP6P6O8898DOQ,SEDUCTION,4,6,9,12,0,6,9,13,0,9
PO1olqI8DiDiO0loDIIQ08oPd910bQbQ,SEDUCTION(Vocal Remix),3,6,9,12,0,6,8,12,0,9
Qbbqd9O98bl0DobQ9l6blO8iOPP8QdDd,Sephirot,3,6,10,12,0,5,9,13,0,16
D0Q0oIDDqoQd0IQddi1IiD16dO16O88o,Seta Para Cima↑↑,3,5,10,13,0,5,10,13,0,17
qbl10iqqdO1Do1dIq181Pl6oi8QilQo1,Seule,2,6,10,12,0,6,10,12,0,13
60QoP9DoIo90D616989Q0D0iodOoOd91,SEXY PLANET,3,7,8,11,0,5,7,10,0,4
O06Id8PIDbDblO109ddi1dldd0bqDdQ1,SEXY PLANET(FROM NONSTOP MEGAMIX),0,0,0,0,10,0,0,0,9,7
qo6Ib8QqqDd16i91d8dlQoqIq08bo68d,Shades of Grey,3,5,8,11,0,5,7,10,0,10
9P16o1bO16PDDObloibo1Il8IIDdo869,Share The Love,2,4,8,12,0,4,7,12,0,13
0qDb0d9oIoQPP1Ql0o0OOPoPDbQ699Iq,She is my wife,3,5,7,12,0,5,7,12,0,12
q1o901oPqbbI1Q61qo688bDd0Pqlb08l,Shine,2,4,6,9,12,4,7,9,12,12
006ob1iI9b1I8dDl0dq1bqIOP8886li1,☆shining☆,2,5,8,11,0,5,8,11,0,12
b6ldDOq9qi1IiIIdiIl1108q1iQ9O6d6,Shiny World,2,8,11,14,0,8,11,14,0,12
Dbd0o8iob1D0990DDIOIIQ6bQqdDQ6ID,SHION,4,7,10,13,0,6,10,13,0,16
6oolbQ0QiO90Dd0DQbb1D86d8q88id86,Show me your moves,3,5,8,11,0,5,8,12,0,16
qPi8qIqO1lQd08b01PiPlql9O1dOPDPq,Shut Up and Dance,2,5,8,11,0,5,9,11,0,16
qq8qDqqPQdP0loDI6DDO9d6dQ601iOID,siberite,2,5,10,13,0,5,10,14,0,16
QOPioi8P81q9l0QiP6q06b06bdOO8b1O,S!ck,5,8,12,16,0,8,12,16,0,16
qoDOoP99lq8bd19iqiloObQDqD8QbOq0,SigSig,3,6,9,12,10,6,9,12,10,13
80bQi8IQ8o1iidqd6oQiDPQoPi909olq,Silent Hill,3,4,9,10,0,5,7,11,0,3
oio6bqP08PPoP9qIq1oi9Dib9PIq9l11,Silent Hill (3rd christmas mix),0,0,0,0,10,0,0,0,11,7
Q6ql0lOOdq90DI1PqO1bd10bP0Oi8Q0Q,SILVER☆DREAM,4,8,11,15,0,9,12,15,0,13
bi1Obd9i99P0O9PqQ1l1P6P6o1IOi11P,Silver Platform - I wanna get your heart -,4,5,7,11,0,4,8,11,0,10
idI1dd69l1il16P0d9DoldDP1QDP0911,Ska Ska No.3,3,3,7,12,0,4,8,10,0,9
IbI90PiioDlqPP19D1odPPbP1PP0009O,SKY HIGH (20th Anniversary Mix),2,5,9,12,0,6,9,12,0,17
08IP8i1qIbQIoP9DiP11IdP190Q98lil,Sky Is The Limit,2,5,9,12,0,5,9,11,0,12
Dqb08DI0Ii8ilD0lioi9o9D1dodl6dO0,Skywalking,4,7,10,14,0,7,11,14,0,17
86688l9096PdIqDPl8qoQ10dI8Ioi86l,Slip Out,1,3,7,9,0,5,6,9,0,11
lb1l0DibId6Pb9ddlqlDoP6d6oD0o0IP,Slip Out (bounce in beat mix),2,4,6,10,0,6,7,9,0,11
odliP8d18DQi0b8lPbPI1PdoQ0PDd0IP,Smiling Passion,2,7,10,12,0,7,10,12,0,16
1l01billdl6oPP96Pq8d0lbbblQI8i8l,smooooch･∀･,2,4,7,12,10,5,7,12,10,12
OQbdD9iD898Q01oIddDliq8q9D1QlQ1I,snow prism,3,6,9,12,16,6,9,12,16,13
D06P88iOlIdbbQ1Qd8OOI11dQoq0iOqd,SO IN LOVE,3,4,7,9,0,2,7,9,0,8
8qd0DIiiQ6dPl1b6b0OqDob6i0d1dQP1,SODA GALAXY,3,6,9,12,0,6,8,12,0,17
dPbOQdio1OI8OOI6OlOIqI1Ii18i8ID0,sola,2,5,9,12,0,5,9,12,0,14
0ol981b18biO0610IqPi9l6Db86PbIQ9,someday...,2,5,7,9,0,6,8,10,0,12
60dq6Plo0do9iQOl6ql111P9OPd9i01l,Somehow You Found Me,3,6,10,13,16,6,10,13,16,14
oi9q8DQ1QddP1699qIbqP886iOIPI16I,Something Special,2,4,7,11,0,5,7,11,0,13
o1QoI9dQ1i89bPl1oDl6999861obD0qI,SOUL CRASH,3,6,9,13,0,6,9,12,0,10
i86bPlP6ioldqb1OqPqidboqqQ8dQqdl,south,2,5,8,10,10,5,8,10,11,14
1P9qQdiiodODqQPl0OO88iiiqdoDIPO6,SP-TRIP MACHINE～JUNGLE MIX～,4,8,9,10,0,8,9,10,0,2
dDO8ili1081QQIb86POQ8qd0P111011o,SP-TRIP MACHINE～JUNGLE MIX～(X-Special),0,0,0,0,11,0,0,0,12,11
bo6PqbbPQ6D096OIP6dDPbPPiDi88609,Spanish Snowy Dance,3,7,11,15,17,7,11,16,18,14
D9odQ60DDolq9QI9DDl98DIobdPPIil9,Special One,2,5,8,11,0,5,8,11,0,16
9DI8iOP0660lb968I6Oiiid6DQ68IbOO,SPECIAL SUMMER CAMPAIGN!,2,7,11,15,0,7,12,15,0,15
D9I8d1PDOQ8QqP1o1IIi0o8d6660ddOQ,Squeeze,4,6,9,15,0,6,10,15,0,15
QD0q90q9PIl9PdqqO9D9DO09DbiODOI6,Star Gate Heaven,3,3,7,10,0,3,7,11,0,9
6I0d1d8d690dl8boOb60O1Iq1Ddi6P8d,Star Gate Heaven (FUTURE LOVE Mix),4,5,9,12,0,6,8,13,0,10
I1DiOI16Id0qdlqbQ6ObPlilDP1oiI98,Star Trail,2,5,9,13,0,6,9,13,0,16
bb9lOdO0Pbb1qOIb1oQq8lPlI9i6IP8q,Starlight Fantasia,3,7,11,14,0,7,11,14,0,15
1QqObIQPDOq6bI6iOqDiiI66oDQQidlb,Starlight Fantasia (Endorphins Mix),3,8,12,15,0,8,12,15,0,15
l666Dd0bIO9O69boPd898b19bPDo1IdO,starmine,3,7,11,15,0,7,11,14,0,15
oQPdiPPdQO1Ob6DqDi0l0q0PDP06QlO0,Starry HEAVEN,2,5,8,11,13,5,8,11,12,14
80OqPo1D6lD616lIDI1IPq0oPllld6b1,Starry Sky,2,6,9,12,0,6,9,12,0,17
6qQb9I0QbD89IID9b9iOPdO6dbqPDolQ,STARS☆☆☆(2nd NAOKI's style),3,6,8,9,0,6,8,11,0,9
bq1O60D90Qbb6iPoi90Ii9olQOIO0Ib1,STARS☆☆☆（Re-tuned by HΛL） - DDR EDITION -,3,5,10,9,0,6,9,10,0,10
l08bl1dddob81IP1IbQqbDbiPo9l069l,Start a New Day,3,6,11,15,16,7,11,15,16,16
6lqoOddiPQ6D6160bOdP116bQdIliII8,STAY (Organic house Version),3,4,7,9,0,5,7,9,0,8
b0DP0oqbid0iIQ6D88dDIiiDiq9oi19Q,stealth,3,5,8,11,0,5,8,11,0,10
OPQQo1idQoqOq88lIPOQo6DooiP8QO9d,Stella Sinistra,4,8,12,15,0,7,12,14,0,15
ooo6qID66I6191bQib1QQdlPoio6Iodl,STERLING SILVER,4,6,10,13,0,6,10,13,0,16
oqPii6QDdPOI6lDDQ96DOI8ill61bobd,STERLING SILVER (U1 overground mix),4,7,11,14,0,7,11,14,0,16
Qb90bo6I0Pd9181iIoOPoqPOOOQq6dQ1,STILL IN MY HEART,3,6,8,10,0,6,7,9,0,5
DOOb99dlP8PdIbDOQIqoqll60Iob9189,STILL IN MY HEART(MOMO MIX),0,0,0,0,11,0,0,0,12,7
OoIPPqIDbQ6qIb69q8dil0iq0l6q6DQD,stoic (EXTREME version),3,5,9,13,0,4,10,12,0,8
oDD1DQ161816dd9Dl8IioOoi9OQdO01O,Straight Oath,3,8,11,13,15,8,11,14,16,14
0i68q1iQblI1Pb8QqoQ90i6ddPiqdq8b,Strawberry Chu♡Chu♡,2,7,11,13,0,7,11,13,0,16
li6dD9b8dboOd9bbqli886lDl08IPQ00,StrayedCatz,4,7,11,13,0,7,12,13,0,16
1idIoi66ll806D8ddldOQi8bdiDO0Oil,Struggle,4,6,10,13,0,5,10,12,0,15
oo6iiQQbqQ98D9oP6OQPibIqIPd66Qb0,STULTI,4,9,12,15,0,9,12,16,0,14
P8od0Q9DO8i9dl881oPQQIOIIq1Q9Oi9,Sucka Luva,1,4,7,11,0,5,8,11,0,14
i90o9Q0D91bb0Q6qIQ1OiDqqiPPP98oI,Summer Fairytale,2,5,7,9,14,5,7,9,14,14
loD6oi96869O8ilii1QPOPDoP91l1PQQ,Summer fantasy (Darwin remix),2,7,10,13,11,7,10,13,13,15
61IoqIoODb6dlQlQqd99b90idO9QP9iI,SUNKiSS♥DROP,3,5,8,12,12,4,7,11,12,10
D1I09111OiQPiDi9doqP9b1PlO1PqII8,SUN² SUMMER STEP!,1,3,8,11,0,3,8,11,0,16
d1PbOD8o6b6o1OqOQ98ilDQbid6dddQd,SUPER HERO,4,6,9,12,0,7,10,13,0,15
PDODO6Qdb9iqd6q0QoI0PiI0lb8l9I6d,SUPER SAMURAI,4,8,12,15,0,8,12,16,0,11
88do8dl8O6Ql1Qlb981lOi8D86oiq91P,SUPER STAR,3,7,8,12,0,5,9,11,0,4
0qQ1odlooiQO99DDP6bD9bOq89669PQb,SUPER STAR(FROM NONSTOP MEGAMIX),0,0,0,0,10,0,0,0,11,7
Id8IPlqQodD01dPiq8oPPQoPQq6booi0,SUPER SUMMER SALE,2,8,12,15,0,8,12,15,0,16
DbibObDP860iqI11POiqQDD0i8PPOibd,Sweet Rain,3,6,9,12,0,6,9,12,0,14
8809ol0qbbd6919bbl0b8id1669PqQ08,Sweet Sweet ♥ Magic,4,5,9,13,0,5,8,11,0,7
9bo00PqOIDoDbO6P1116b9obolOiqPo1,switch,3,4,7,10,0,5,7,10,0,10
8lo1IDqPDD88DObIPodOd8oQ0Q6qQ1Dd,sync (EXTREME version),3,5,8,9,12,6,9,10,11,8
b9IoO68b1Qd9I6O8qqoo6q1o8DQ8l9lo,Synergy For Angels,3,7,10,14,0,7,10,14,0,14
ob86bIdI1IbIl9DoQ1bboq9Q8O6PPPoq,Taj He Spitz,2,4,7,10,0,5,7,11,0,11
b0lI9Ili8loOb1DD6Dd8lqII60b90101,Taj He Spitz (Tommie Sunshine's Brooklyn Fire Re-Touch),3,5,8,12,0,6,7,12,0,11
8i1ii188q9OlD0qQ9lQ0D1OdDbldqQbI,Take A Chance,2,3,6,9,0,3,6,9,0,11
ibiD8868D116OIqbQ1DQ1IOb8OD1qQ98,Take A Step Forward,2,7,9,11,0,6,10,12,0,13
i1Q080DDQD81l8o0109Q6blq0oo8o69q,Taking It To The Sky,1,3,5,8,0,4,6,8,0,12
1Q1Q8oO600lodPbio8b8d66b8do1PIlQ,TEARS,3,6,8,12,0,6,8,12,0,8
qdbDo1oP6D9ioODd1dQO0QObObidilbP,TECH-NOID,2,5,9,12,0,6,9,13,0,16
6loP1dbiOq0Q8i9QQOI6o0iOO6bdIQOO,Tell me what to do,2,5,9,12,14,5,9,11,14,14
IPDid8ii1iQb19lb6iqOi91O0il018Ql,Thank You Merry Christmas,3,5,9,12,0,5,9,13,0,15
boi66iD1809o6q199bbolO0bqQ1lqI8b,The flower in your smile,3,6,7,10,0,5,7,10,0,11
0q8b6O0qOlDql0oP80OI8i8i1088qbIb,The Heavens Above,3,7,9,11,0,6,10,12,0,13
8Pl1i1o0O6oIio0b681qOoDOQdPPOObb,The Island Song,1,3,7,9,13,4,7,9,13,14
lO68Q0iPIOiOIDDd8dOPoiql9OI81DQ0,The Least 100sec,5,7,11,12,0,7,10,14,0,8
li608di8PolqqIP808iddOqi11qDDq0Q,The legend of MAX,7,8,13,15,0,8,12,16,0,8
1o6dQqq9P8IQ6PbQO88OI1b91P9DoqQ8,The legend of MAX(X-Special),0,0,0,0,17,0,0,0,17,11
q6661PIbbb1O80OQQ11iD6bP1l6bio0Q,The Light,2,5,9,13,0,5,9,13,0,17
90D66ObIiqP09oqoDoq6b908b699oqqi,The Lonely Streets,2,4,7,10,12,5,7,10,12,15
0Ob1601118Dii9Qdii9lPbioPP6qoi1I,The Night Away (MK Remix),3,5,9,12,0,5,10,12,0,16
1iIoi89doDiQoo8o0ddl9PQdQP0Ili8O,THE REASON,1,4,7,12,15,4,7,12,15,14
ODQOP1dblD6q8d160Ioi0dIoQloI6oQO,THE SHINING POLARIS,4,4,6,9,0,5,6,9,0,9
Dbdi9P91PQl660llPQO0l86oDqi1O9Ob,The Wind of Gold,3,6,10,14,0,6,10,14,0,14
Oq9QIlI8l11ddqbbDoQ1ql61OqlIi9lo,Theory of Eternity,3,6,9,12,10,6,9,12,11,12
9lob1d1QPd9qiPlQOQ6l0dbodOoDPq1d,think ya better D,3,5,6,9,0,6,7,10,0,3
PdPdbdQ1lDI18O90Q0li8QI0bo99bidd,This Beat Is.....,1,4,7,11,0,4,7,10,0,17
qQl6O8IdiI6991IiqDqidO96bll1qPDl,THIS NIGHT,2,5,8,11,0,6,8,11,0,12
ld8b6iqPIiqqbb9q69l8obO66ibI96od,Ticket to Bombay,3,5,7,10,0,5,7,9,0,11
idDdoI9bD186blQ9Q8610bIQqb86dilo,TIERRA BUENA,3,4,8,10,0,4,7,11,0,9
99oQO1b8d9qQdPq6O1I6bd1bo1D16DP0,Till the lonely's gone,3,4,8,9,0,5,8,9,0,11
oDIliqQl90bQo6Qil9bOiD1iO19qI1dd,TIME,1,5,7,9,0,5,7,10,0,13
1i8d1DodloQiQ8doOlloDIOO9PI6OIoO,Time Of Our Lives,2,5,9,11,0,5,9,11,0,16
O110IdDiDlDQ66bb1o9lbqiqQq6lOid1,TimeHollow,2,4,7,10,0,5,6,8,0,11
OddDoQ6dqi0QdQDDOO6qlO08d8bPbli1,Tohoku EVOLVED,6,9,14,17,18,9,14,17,18,13
DIDd9l0dbi1QdQ89I6Do9bolDqdb1dPO,tokyoEVOLVED (TYPE1),6,9,13,16,0,9,13,16,0,13
i0b0118q8D1QlQbIbli0P0IQ0QP08QdO,tokyoEVOLVED (TYPE2),6,9,13,16,0,9,13,16,0,13
6OOd69q0oP8iblIIb08OQO9dq9oIq8i6,tokyoEVOLVED (TYPE3),6,9,13,16,0,9,13,16,0,13
lQbiI10Qo9DdD8liqPIiob61qDO9d861,TOMORROW,3,4,8,10,0,5,7,11,0,9
D1D88PPI0PDQqOq00OI6QI1o6dPolqlI,Tomorrow Perfume,3,4,8,10,0,4,7,9,0,9
l9i996ld6PbbiO1911OoOI8lIPQ06ID8,Top The Charts,3,5,8,12,14,5,8,12,14,14
l66Io69ob00OoOiDOI9lIqlidbDoDq89,Towards the TOWER,2,5,9,12,0,5,9,12,0,16
ddIiQ90DblbOQQIQPIbQOdb9DdPoOQ9Q,Toy Box Factory,3,7,11,14,0,7,11,14,0,17
iO61Dq9iiIQO0Qbbdo1O8bdqO8dqoiio,Tracers (4Beat Remix),3,5,7,10,0,6,9,11,0,11
PlIiPiPoI9DIbPdIPoqQlIq61Pd8QIDo,Tribe,2,5,7,10,13,4,7,10,14,13
OPOIPIi1OioQ98qbO100q6QiDP8dIDq6,Trigger,5,9,12,16,18,7,11,16,18,11
POQQQqI8q69qP6Id8Ol01QI60OIoiil8,Trim,5,6,10,16,0,6,10,15,0,10
Pb9II0oiI9ODQ8OP8IqIPQP9P68biqIi,TRIP MACHINE,3,8,9,10,0,9,10,10,0,1
bql00PQ1PiboIqDQoD909Il8o1PIDiD1,TRIP MACHINE(X-Special),0,0,0,0,11,0,0,0,12,11
D81D8689llDiOqPq0IP19bbQQiioPl8d,TRIP MACHINE CLIMAX,5,7,9,12,0,7,9,12,0,4
boQPliilD01OD1bIdOOIOOi0Q9P16OlO,TRIP MACHINE CLIMAX(X-Special),0,0,0,0,14,0,0,0,14,11
8O6b1D9PDO0ll1IO9d1ODDPPo0QPQbob,TRIP MACHINE EVOLUTION,4,9,12,16,18,9,12,17,18,13
qQ9Oo611P0dObD8q6O0Q968bbl8I91OO,TRIP MACHINE～luv mix～,3,9,10,12,0,9,10,11,0,3
b0QQ6OPD1dDqQ6D6IDQqlDd180Db609I,TRIP MACHINE PhoeniX,3,8,11,15,15,8,12,16,16,10
POO9PlPq66OqIQO6Oq1i90D6Ill100il,TRIP MACHINE survivor,4,5,11,13,0,6,11,12,0,8
d810q0I8q6d0l1POlIO6d66bOPb96dql,Triple Counter,7,11,14,17,0,9,14,17,0,16
lDOPd60Q9obl6D0q8qqdQi9lioblD1db,Triple Journey -TAG EDITION-,4,8,12,16,18,8,12,17,18,14
bilO9D91P1lo81oIDP6qOoqdDdQdoDlP,Truare!,3,8,11,16,0,8,11,16,0,15
D9lq0DioIl9D6ll0d61990DP9qPPb1dP,True Blue,3,7,11,16,0,6,11,16,0,15
oD6l698q0bQqoIOi0Dd66bqObII8QqDl,TRUE♥LOVE,4,4,8,10,0,4,7,10,0,9
ddD8OPQoIiQi0IbDOIIdQ6dDDbPQ9bIO,Trust -DanceDanceRevolution mix-,3,5,8,10,0,4,8,11,0,10
doqDbod0d81qP6PoPiP8b0P00PD8oboD,Try 2 Luv. U,3,4,6,8,0,4,6,8,0,9
o9Ib8bob6b9qIDq1d09bq8q1I06Odi90,TSUBASA,2,6,10,13,0,6,9,13,0,15
io688qld6Pqq6bI01q86illP18biq0bd,TSUGARU,3,5,9,12,0,6,9,13,0,7
1qDD1DdPlId69010IQ18I6q8Q00IoI6D,TSUGARU (APPLE MIX),0,0,0,0,11,0,0,0,11,7
Po1D6bo0dQbdl91bPOl86lo8DbP9biiO,Twin memories W,2,6,9,11,0,6,9,11,0,16
0l181DPDqbQPb0qQl0i0dlQd0oQPlQ6i,Twin Bee -Generation X-,3,5,8,11,0,4,7,11,0,8
lo6bOoq86d9od6qQ9PiPibOioOQb96lP,TWINKLE♡HEART,1,4,8,11,10,4,8,11,11,13
1oIo1DliQqPol00Q1l1bPODbdOilodod,Übertreffen,3,6,8,13,0,5,8,14,0,11
99P8bDO1PqlddQqo81QOIPO60lPQqlO8,un deux trois,3,4,8,10,0,4,6,9,0,9
I6dI99IOolDD6l6Q1ooPIiDO8Odq0QIP,UNBELIEVABLE (Sparky remix),4,7,11,15,0,8,12,16,0,13
oiQliqIliq91Dl169ldqbb18OPblOb1i,Under the Sky,2,2,5,11,0,3,6,8,0,9
olQl6Qoi0IbobI980q9Q0QIo9qlbq1PO,Unreal,4,8,12,15,0,8,12,14,0,10
89O8qIII0QPO0Q0l10P6dl19PlQ9d0oO,Until the End,3,4,9,12,0,8,10,13,0,13
0b1660ibo0liI01ibOO6lD8olIb88qDi,Uranus,3,6,9,11,13,6,9,11,13,10
Ilo6IboPOq8Q10qDOdDDoO6P989bPPi6,V ～for EXTREME～,3,5,8,12,13,5,7,11,13,8
186dd6DQq891Ib9Ilq8Qbo8lIqb0Qoll,Valkyrie dimension,9,13,15,18,19,13,14,18,19,12
6d6bqoOlqi8ooqOdlqdPblqol88b68QP,VANESSA,4,7,11,16,0,7,12,16,0,12
DDqDDqDQ1Db60IiIDbIl6Pd8DPOq0q06,VANITY ANGEL,3,4,9,12,0,5,9,12,0,8
891b0OdIdO8b9obi69b6PQlPIqDI01dO,Vanquish The Ghost,3,8,12,16,0,8,12,15,0,16
d1dPPII1o69IlI0d0DlPi1i1idbdPD6O,VEGA,3,7,11,14,0,7,11,14,0,15
o6I06bPq8dqIlllbQDPP8boqdq6iQ8Qb,Vem brincar,2,5,7,11,0,5,7,11,0,10
6bIODbPoIDlOdO66b1id0q68qdQilDd6,Venus,3,4,6,11,13,4,6,10,13,10
8idID0Pq0O68Qb0Q69P6IDldqI91qi1O,volcano,4,5,8,13,0,5,8,13,0,10
PqPPDibPdD8qd88D0d01dqo6918b0POD,Votum stellarum -forest #25 DDR RMX-,1,4,9,12,0,4,7,12,0,10
PPQb966D6Ql6Q8iPo68810PdDiI6D0bl,Waiting,3,6,10,13,0,7,10,13,0,17
96Q0Piqo9PPQoQdi9001DO6P9Piqi0dq,Waiting 4 u,4,6,8,11,11,6,8,12,12,11
io9b89PD18ibIO8PIqb1QODliqDdqiIO,Wake Me Up,3,5,9,12,0,5,9,13,0,16
QQbiq1qQd8d1blOldi889OdQd9P1106Q,WH1TE RO5E,3,5,9,13,0,5,9,13,0,12
olloQOobddiIIPObP91l0qPl6oo8P9Dl,What Will Come of Me,2,4,6,13,0,5,7,13,0,12
dbq9dPPOQ60ibOol0I6b9iQol9lD669D,Why not,4,6,9,11,0,6,7,11,0,10
qI06bbQ1dloi0IIIO1IQ1q8bdPdl6l69,Wicked Plastik,3,4,8,13,0,5,11,13,0,13
01808Q1Q6lQQ1lP0qd80I0b0qqDd1OOP,WILD RUSH,5,6,7,10,0,5,9,11,0,4
ibOQ0QOdIPdIbIo0oPoDDI1DqPId00li,WILD RUSH(FROM NONSTOP MEGAMIX),0,0,0,0,9,0,0,0,10,7
I81iP0Io9o1l9li0Iq99P1091O8DoDOd,WILD SIDE,3,6,9,11,13,6,9,11,13,14
d6iI8ii9qi0Pi80dDQQlPq6qQo69860P,will,1,4,7,11,0,5,7,11,0,11
8bI68oIq08d99P880bDPQ9D80O099Q10,Windy Fairy,2,7,11,15,0,7,11,15,0,14
blI8D10Q1IDQ8Q19bi0IDlD80oD0bloi,Wings of an Angel (Fly With Me),2,4,8,12,0,5,8,11,0,13
Qo1qdD0Q9d11d9Id6o09P9id8lPbOQ6o,Wow Wow VENUS,2,4,8,11,0,5,8,12,0,14
bDDd08iP8dlIlOo6iqd91dPiI1lQdOQq,xenon,3,5,10,13,0,5,9,13,0,8
PQQd6lQlDqilqliI0IobolqIDlo0Iboq,Xepher,4,7,10,13,15,7,10,13,15,9
8OPDQ1oQIOPdqqD18oo0lQ8OQOIbbDoP,Yeah! Yeah!,2,6,9,12,0,6,9,12,0,16
D0qloQo0bQliQqooQ609IP8i09old99D,You,1,3,6,10,0,3,6,10,0,14
0qOPDqq0qld66bll9ob9iIqiiQPiQIDQ,You are a Star,2,4,8,12,13,6,8,12,13,12
D8I68Ibib9ldQDIPIQdO6lqI61PQlPO9,You gotta move it (feat. Julie Rugaard),4,5,8,10,0,5,7,10,0,9
oiIob81i6d6P6qbddOP6Q0d0obQ0PID9,Your Angel,2,4,7,10,0,4,7,11,0,12
I61ioI01IOPDPbP1OO0l98PD0iDbid0D,ZEPHYRANTHES,3,7,11,15,0,7,11,15,0,16
96QPqq0q6Id0Ii0QbD1bQqPbiDqb0lPo,ZETA～素数の世界と超越者～,3,6,11,15,0,6,9,14,0,12
